folder	level1	level2	machine	confidence	dominant_share	files	audio_files	bytes	minutes	oldest	newest	instruments	categories	formats	tags
130	Sample	Chops		low	0.43	27	21	21992410	4.1	2001-09-27	2010-03-16		CHOP:9, ONE-SHOT:3, SECTION-BED:3, SAMPLE-SHORT:3, LOOP:2, SAMPLE:1	AIFF:20, RAW-PCM:1	sample chops chop one-shot section-bed sample-short
1969 - On the moon	Session	Long		medium	0.50	3	2	179136817	11.2	2011-02-17	2018-10-14	Noise	LONG-SESSION:1, SAMPLE:1	AIFF:2	session long noise long-session sample
2001	Sample	Oneshots		medium	0.46	17	13	20390595	3.7	1995-05-29	2010-02-04		SAMPLE-SHORT:6, PAD-BED:3, SAMPLE:2, SECTION-BED:2	AIFF:13, EMPTY:1	sample oneshots sample-short pad-bed section-bed
2002 Initial Battery Sampler Fun	Sample	Oneshots	NI Battery	medium	0.50	24	24	13845573	1.7	2001-08-29	2018-04-06	Bass	SAMPLE-SHORT:12, LOOP:5, DRUM-ONESHOT:2, UNKNOWN:1, TONAL-HIT:1, PAD-BED:1	AIFF:22, RAW-PCM:1	sample oneshots ni-battery bass sample-short loop drum-oneshot unknown
2003 8 point tour Sounds	Sample	General		low	0.25	569	439	4157229639	390.7	2000-03-21	2010-03-11	Bass, Noise, Hat, Melodic	SAMPLE:110, SAMPLE-SHORT:95, SECTION-BED:92, SONG?:48, LOOP:30, CHOP:17	AIFF:432, RAW-PCM:6	sample general bass hat noise melodic sample-short section-bed song
2003 Audio	Sample	FX	TR-808	low	0.27	1907	1507	2305078521	261.1	1994-09-08	2009-12-18	Kick, Bass, Noise, Stick, Clap, Orchestral, Hat Closed, Snare	FX:410, ONE-SHOT:388, CHOP:335, DRUM-ONESHOT:92, SAMPLE-SHORT:91, PAD-BED:70	AIFF:826, RAW-PCM:343, WAV:326, MP3:10	sample fx tr-808 bass noise cowbell hat-closed clap rim ride orchestral stick vocal melodic snare kick hat shaker one-shot chop drum-oneshot
2003 UK Live	Sample	Oneshots		low	0.24	289	159	2079737295	196.3	2000-03-21	2018-04-06	Bass, Hat, Melodic	SAMPLE-SHORT:38, SESSION-TAKE:32, SECTION-BED:30, SAMPLE:29, LOOP:10, LONG-SESSION:7	AIFF:141, RAW-PCM:17, EMPTY:1	sample oneshots bass hat melodic sample-short session-take section-bed
2010 movie	Sample	Oneshots		low	0.33	88	82	147465551	15.7	1997-03-01	2010-02-21	Vocal	SAMPLE-SHORT:27, ONE-SHOT:21, SAMPLE:13, SECTION-BED:10, VOCAL:7, UNKNOWN:2	AIFF:80, RAW-PCM:1	sample oneshots vocal sample-short one-shot section-bed
2011 performance edits	Session	Live		medium	1.00	1	1	513090658	32.3	2011-11-11	2011-11-11		LONG-SESSION:1	AIFF:1	session live long-session
50 Drums Kits	Drum	Kit		high	0.97	1794	1718	47411660	9.7	2005-08-01	2009-09-11	Conga, Hat, Rim, Snare, Melodic, Shaker, Tambourine	DRUM-ONESHOT:1667, CHOP:34, SAMPLE-SHORT:16, SAMPLE:1	WAV:1716, WAV-comp2:1, WAV-comp17:1, EMPTY:1	drum kit conga hat rim snare melodic shaker tambourine drum-oneshot chop sample-short sample
550 - converted	Sample	Oneshots	TR-808	low	0.24	81	45	6944703	1.2	2001-09-05	2010-03-16	Ride, Orchestral, Bass, Kick, Hat, Melodic	SAMPLE-SHORT:11, CHOP:11, DRUM-ONESHOT:6, ONE-SHOT:6, SAMPLE:3, SYNTH-STAB:3	RAW-PCM:24, AIFF:18, MP3:2	sample oneshots tr-808 bass ride kick orchestral hat melodic sample-short chop drum-oneshot one-shot
550 extracted	Sample	Oneshots	TR-808	low	0.38	37	26	2254394	0.6	2001-09-05	2010-03-14	Ride, Orchestral, Bass, Kick, Hat, Melodic	SAMPLE-SHORT:10, DRUM-ONESHOT:5, TONAL-HIT:3, SYNTH-STAB:3, CHOP:2, LOOP:1	AIFF:26	sample oneshots tr-808 bass ride kick orchestral hat melodic sample-short drum-oneshot tonal-hit synth-stab
714kit001	Sample	Oneshots		high	1.00	18	11	601229	0.1	2001-11-18	2008-09-29		ONE-SHOT:11	WAV:11	sample oneshots one-shot
714kit002	Sample	Oneshots		high	1.00	27	21	1216966	0.1	2001-12-31	2008-09-29		ONE-SHOT:21	WAV:21	sample oneshots one-shot
808	Drum	Machine	TR-808	medium	0.58	188	161	19145662	2.9	2005-08-01	2009-11-30	Cowbell, Hat Closed, Clap, Rim	DRUM-ONESHOT:94, CHOP:35, SAMPLE-SHORT:32	WAV:161	drum machine tr-808 cowbell hat-closed clap rim drum-oneshot chop sample-short
808 eq's and compressed	Drum	Machine	TR-808	high	0.70	22	10	3145122	0.5	2003-02-08	2010-03-31	Kick	DRUM-ONESHOT:7, DRUM-HIT-LONG:2, CHOP:1	RAW-PCM:7, WAV:2, MP3:1	drum machine tr-808 kick drum-oneshot drum-hit-long chop
909	Drum	Machine	TR-909	high	1.00	19	13	286331	0.0	1997-06-20	2005-05-28	Hat Closed, Kick, Hat Open, Snare, Clap, Crash, Ride, Stick	DRUM-ONESHOT:13	RAW-PCM:13, EMPTY:1	drum machine tr-909 hat-closed clap crash kick hat-open ride snare stick drum-oneshot
909 sounds	Drum	Machine	TR-909	high	0.98	190	188	5703161	1.1	1995-02-20	2004-11-21	Hat, Snare, Kick	DRUM-ONESHOT:184, CHOP:4	WAV:160, AIFF:28, EMPTY:1	drum machine tr-909 hat kick snare drum-oneshot chop
AIFF - Blasts From The Past	Session	Long		low	0.42	12	12	626223825	59.2	2012-12-02	2012-12-02		LONG-SESSION:5, SONG?:5, ONE-SHOT:1, SESSION-TAKE:1	AIFC:sowt:11, RAW-PCM:1	session long long-session song one-shot session-take
ASOOR Edits	Sample	Oneshots		medium	0.61	203	198	84443776	5.3	2009-04-13	2009-04-13		ONE-SHOT:120, CHOP:74, SECTION-BED:2, SAMPLE:2	AIFF:198	sample oneshots one-shot chop section-bed
ASOOR Extracts	Song	Mixes		medium	0.50	8	6	270594096	17.0	2009-04-13	2009-08-29	Bass	SONG?:3, SAMPLE:1, SECTION-BED:1, LONG-SESSION:1	AIFF:6	song mixes bass sample section-bed long-session
ATMAN - Original Files	Session	Long		high	0.93	20	15	1699944934	106.9	2009-03-22	2011-01-05		LONG-SESSION:14, SECTION-BED:1	AIFF:15	session long long-session section-bed
ATMAN_16bit	Session	Long		high	0.90	10	10	695478816	65.7	2010-06-25	2010-06-25		LONG-SESSION:9, SONG?:1	WAV:10	session long long-session song
ATMAN_24bit_Beatport	Song	Masters		high	0.72	25	25	1740106675	131.6	2010-06-22	2010-06-30		LONG-SESSION:18, SONG?:2, SAMPLE-SHORT:2, ONE-SHOT:2, UNKNOWN:1	WAV:20, RAW-PCM:4	song masters long-session sample-short one-shot
Absynth Samples	Sample	Oneshots	NI Absynth	low	0.29	1081	809	726586433	95.3	1996-09-24	2010-03-31	Melodic, Orchestral, Crash, Hat, Kick, Snare, Bass, Tom	SAMPLE-SHORT:234, DRUM-ONESHOT:185, SAMPLE:143, CHOP:86, TONAL-HIT:53, FX:29	WAV:804, RAW-PCM:3	sample oneshots ni-absynth acetone-rhythm noise perc melodic crash conga kick tambourine shaker snare hat tom ride clap stick cowbell rim orchestral vocal bass hat-open sample-short drum-oneshot chop
Acoustic Drums Stereo	Drum	Acoustic		high	0.76	305	296	110206222	10.4	2003-02-08	2026-08-08	Kick, Hat, Snare, Tom, Ride, Rim, Hat Open, Tambourine	DRUM-ONESHOT:224, DRUM-HIT-LONG:37, SAMPLE:15, SAMPLE-SHORT:13, ONE-SHOT:4, TONAL-HIT:2	AIFF:296, EMPTY:2	drum acoustic snare kick tom hat ride tambourine crash bass hat-open perc hat-closed cowbell shaker clave conga clap rim stick drum-oneshot drum-hit-long sample sample-short
AnalogDrums	Sample	Oneshots		high	0.97	149	73	5051721	0.4	2003-01-04	2010-01-10		ONE-SHOT:71, CHOP:1, SAMPLE:1	AIFF:73	sample oneshots one-shot chop
Assorted Maladies	Sample	Oneshots		low	0.41	136	71	67475798	7.2	1999-06-07	2018-04-06		SAMPLE-SHORT:29, ONE-SHOT:14, LOOP:8, CHOP:7, SAMPLE:5, PAD-BED:3	AIFF:60, RAW-PCM:5, WAV:4, EMPTY:1	sample oneshots sample-short one-shot loop chop
Audio Library 7 (from the archive)	Drum	Machine	E-mu Drumulator	high	0.71	72	66	5502836	0.9	1995-12-14	2018-02-06	Tom, Snare, Kick, Hat, Perc, Hat Closed, Hat Open, Cowbell	DRUM-ONESHOT:47, ONE-SHOT:8, SAMPLE-SHORT:7, DRUM-HIT-LONG:2, UNKNOWN:1, LOOP:1	AIFF:64, EMPTY:6, MP3:1	drum machine tr-808 e-mu-drumulator tr-909 cowbell clap ride hat snare kick hat-closed hat-open perc stick crash tom drum-oneshot one-shot sample-short drum-hit-long
Bauhaus	Sample	Oneshots		medium	0.67	6	3	4355343	0.3	2010-11-23	2010-11-26		SAMPLE-SHORT:2, SAMPLE:1	AIFF:3	sample oneshots sample-short
Because it is time	Session	Long		high	1.00	8	6	734514220	46.2	2009-06-11	2011-03-19		LONG-SESSION:6	AIFF:6	session long long-session
Bidule Patches - Fundraiser April_08	Sample	Oneshots		medium	0.50	14	14	440201184	27.9	2006-04-20	2011-04-08		ONE-SHOT:7, UNKNOWN:2, SAMPLE-SHORT:2, LONG-SESSION:2, SAMPLE:1	RAW-PCM:10, AIFF:2	sample oneshots one-shot unknown sample-short long-session
Bidule Takes	Session	Long		medium	1.00	2	2	432009324	27.2	2007-12-08	2007-12-09		LONG-SESSION:2	AIFF:2	session long long-session
Big Daddy 1920's Ludwig Snare	Drum	Hits		high	0.96	147	92	15165435	1.4	2005-10-11	2010-12-17	Snare	DRUM-ONESHOT:88, ONE-SHOT:3, UNKNOWN:1	AIFF:88, RAW-PCM:3, EMPTY:1	drum hits snare drum-oneshot one-shot unknown
Big Daddy Drums	Drum	Hits		medium	0.62	114	78	55549838	5.2	2005-10-12	2009-09-01	Hat, Crash, Tom, Ride, Kick	DRUM-HIT-LONG:48, DRUM-ONESHOT:25, ONE-SHOT:3, SAMPLE:2	AIFF:74, RAW-PCM:4, EMPTY:1	drum hits crash hat tom kick ride drum-hit-long drum-oneshot one-shot sample
Bob's kicks	Sample	Oneshots		medium	0.50	16	8	1319504	0.2	1995-07-30	2013-03-07		ONE-SHOT:4, SAMPLE-SHORT:4	RAW-PCM:7, MP3:1	sample oneshots one-shot sample-short
Bright Lights, Dub City	Session	Long	TR-808	high	0.78	27	23	2008422254	126.4	2009-09-08	2010-04-01	Conga, Snare, Hat, Perc, Kick, Shaker	LONG-SESSION:18, SONG?:3, SECTION-BED:2	AIFF:23	session long tr-808 conga snare hat perc kick shaker long-session song section-bed
Brooks Miller Valeo	Session	Long		high	1.00	8	8	1095061718	69.0	2010-02-05	2011-11-08		LONG-SESSION:8	AIFF:8	session long long-session
Cage	Sample	Chops		high	0.98	279	245	162301264	15.3	2008-05-20	2010-02-21		CHOP:239, ONE-SHOT:3, SONG?:2, UNKNOWN:1	AIFF:244	sample chops chop one-shot song unknown
Carbon Framework	Song	Mixes		low	0.36	11	11	323700741	36.8	2003-07-01	2022-01-30		SONG?:4, UNKNOWN:3, LONG-SESSION:3, SONG:1	AIFC:sowt:3, AIFF:3, MP3:2, MP4/M4A:1	song mixes unknown long-session
Charles Dodge	Session	Long		medium	1.00	2	2	476088724	30.0	2009-01-19	2009-01-19		LONG-SESSION:2	AIFF:2	session long long-session
Claps	Sample	Chops		medium	0.64	67	33	2501597	0.3	2005-08-01	2010-06-13		CHOP:21, ONE-SHOT:12	WAV:33	sample chops chop one-shot
Classic Process Textures	Sample	General		low	0.23	231	104	270246430	27.7	2005-05-21	2009-12-11	Kick, Melodic, Hat, Orchestral	SAMPLE:24, ONE-SHOT:21, SAMPLE-SHORT:19, SECTION-BED:13, CHOP:9, SONG?:4	AIFF:83, RAW-PCM:21	sample general kick melodic hat orchestral one-shot sample-short section-bed
Convolvs	Sample	Oneshots		medium	0.67	6	3	6796296	0.4	2009-04-13	2009-08-29		SAMPLE-SHORT:2, SAMPLE:1	AIFF:3	sample oneshots sample-short
Crafting Dreams	Session	Long		high	1.00	10	7	1042175006	65.5	2008-12-07	2010-04-02		LONG-SESSION:7	AIFF:7	session long long-session
Cubase Audio Files Folder	Session	Takes	Halion	low	0.39	23	23	195534460	36.9	2001-09-07	2018-04-05	Bass, Perc	SESSION-TAKE:9, DRUM-ONESHOT:4, SECTION-BED:3, SAMPLE-SHORT:3, UNKNOWN:1, SONG?:1	AIFF:17, RAW-PCM:5	session takes halion bass perc session-take drum-oneshot section-bed sample-short
December R&B	Sample	Chops		medium	0.58	499	319	196464714	13.1	2011-12-12	2012-01-21		CHOP:184, ONE-SHOT:127, SAMPLE:3, SECTION-BED:3, UNKNOWN:1, LONG-SESSION:1	AIFF:318	sample chops chop one-shot section-bed
Deckard Bass Files	Sample	Beds		low	0.40	5	5	22085804	2.8	2010-01-13	2010-01-13		SECTION-BED:2, SAMPLE:2, CHOP:1	WAV:5	sample beds section-bed chop
Denver Doodads	Sample	Oneshots		low	0.40	16	10	2516550	0.3	2001-03-10	2018-04-06		SAMPLE-SHORT:4, ONE-SHOT:3, UNKNOWN:1, LOOP:1, SAMPLE:1	AIFF:5, RAW-PCM:4	sample oneshots sample-short one-shot unknown loop
Depeche Mode	Sample	General		low	0.33	18	9	14833603	0.9	2010-11-23	2011-03-01	Vocal, Kick	SAMPLE:3, VOCAL:3, DRUM-ONESHOT:2, SAMPLE-SHORT:1	AIFF:9	sample general kick vocal drum-oneshot sample-short
Devolutions	Session	Long		medium	0.60	46	25	1522146587	142.9	2001-02-27	2017-11-14		LONG-SESSION:15, SONG?:5, ONE-SHOT:3, UNKNOWN:2	WAV:16, AIFF:4, RAW-PCM:3, EMPTY:1	session long long-session song one-shot unknown
Dirty Kicks	Sample	Oneshots		medium	0.50	8	4	787205	0.1	2005-05-23	2010-01-10	Kick	ONE-SHOT:2, SAMPLE-SHORT:1, DRUM-ONESHOT:1	AIFF:4	sample oneshots kick one-shot sample-short drum-oneshot
Dirty tr505 Edits	Drum	Machine	TR-505	high	1.00	40	20	2517492	0.2	2009-12-10	2009-12-13	Clap, Tom, Stick, Kick, Ride, Hat	DRUM-ONESHOT:20	AIFF:20	drum machine tr-505 clap tom ride stick hat kick drum-oneshot
Dread Western Dub	Sample	Oneshots	TR-707	high	0.83	1802	1717	408073194	25.7	2009-01-19	2022-01-30		ONE-SHOT:1430, CHOP:279, DRUM-ONESHOT:3, UNKNOWN:1, SAMPLE-SHORT:1, SONG?:1	AIFF:1716	sample oneshots tr-707 tr-808 tr-909 one-shot chop drum-oneshot unknown
Drum Bits	Sample	Oneshots		high	0.80	127	123	8120930	0.5	2009-04-13	2009-04-13		ONE-SHOT:98, CHOP:25	AIFF:123	sample oneshots one-shot chop
Drum Sounds & Edits	Sample	Oneshots		high	0.71	28	14	785376	0.1	2010-03-14	2010-08-27	Rim, Shaker, Kick	ONE-SHOT:10, DRUM-ONESHOT:3, LOOP:1	AIFF:14	sample oneshots rim shaker kick one-shot drum-oneshot loop
Drumulator	Drum	Machine	E-mu Drumulator	medium	1.00	6	3	148989	0.0	2003-02-08	2010-01-10	Hat, Snare, Kick	DRUM-ONESHOT:3	RAW-PCM:3	drum machine e-mu-drumulator hat snare kick drum-oneshot
Dub Clips	Song	Mixes		medium	0.50	17	10	256241713	24.1	2012-01-21	2012-03-05	Snare	SONG?:5, SAMPLE-SHORT:2, LONG-SESSION:1, DRUM-ONESHOT:1, ONE-SHOT:1	AIFF:10	song mixes snare sample-short long-session drum-oneshot
Edison	Sample	General		medium	0.50	3	2	13429746	1.7	2009-04-07	2010-12-19		SAMPLE:1, SECTION-BED:1	AIFF:2	sample general section-bed
Edited Sounds	Sample	Oneshots		medium	0.58	36	19	659776769	41.4	2005-07-17	2011-03-19		SAMPLE-SHORT:11, ONE-SHOT:5, LONG-SESSION:2, SONG?:1	AIFF:18, RAW-PCM:1	sample oneshots sample-short one-shot long-session song
"Electribe""Bitcrusher Takes"	Session	Takes	Korg Electribe	medium	0.47	20	19	1084030399	68.3	2005-07-16	2011-03-19		SESSION-TAKE:9, LONG-SESSION:4, SAMPLE:3, SECTION-BED:2, UNKNOWN:1	AIFF:18	session takes korg-electribe session-take long-session sample section-bed
Electronic Snares	Drum	Machine	TR-808	high	0.98	47	47	1482508	0.1	2002-08-17	2006-05-18	Snare, Clap	DRUM-ONESHOT:46, ONE-SHOT:1	RAW-PCM:47	drum machine cr-78 tr-606 tr-808 tr-909 clap snare drum-oneshot one-shot
Electronic Toms	Drum	Machine	TR-909	high	0.98	58	58	2254660	0.2	2002-08-17	2006-05-18	Tom	DRUM-ONESHOT:57, ONE-SHOT:1	RAW-PCM:58	drum machine cr-78 tr-606 tr-808 tr-909 tom drum-oneshot one-shot
Emu Wave	Sample	Oneshots	E-mu	medium	1.00	6	4	1030216	0.4	1996-10-03	2018-02-25		SAMPLE-SHORT:4	WAV:4	sample oneshots e-mu sample-short
Excursions v2	Session	Long		high	0.80	7	5	751379554	47.3	2010-02-20	2011-01-05		LONG-SESSION:4, UNKNOWN:1	AIFF:4	session long long-session unknown
Extranious ƒ	Sample	Oneshots		low	0.33	8	6	196500164	18.5	1998-08-18	2010-12-10		ONE-SHOT:2, LONG-SESSION:2, SONG?:1, FX:1	RAW-PCM:3, AIFF:3	sample oneshots one-shot long-session song fx
FUNKY LOOPS AND HITS 1	Sample	Loops		high	0.73	1133	1091	478028342	45.1	2003-03-10	2009-09-05	Hat, Snare, Ride, Tom, Crash, Kick, Rim, Conga	LOOP:799, DRUM-ONESHOT:221, DRUM-HIT-LONG:18, ONE-SHOT:17, SAMPLE-SHORT:12, CHOP:12	WAV:708, RAW-PCM:381	sample loops crash tom hat kick ride snare hat-open rim stick conga tambourine loop drum-oneshot drum-hit-long one-shot
Flock of Seagulls	Sample	Chops		medium	0.69	50	26	42309136	2.6	2010-11-23	2010-12-16		CHOP:18, SAMPLE:2, SAMPLE-SHORT:2, SECTION-BED:2, LOOP:1, ONE-SHOT:1	AIFF:26	sample chops chop sample-short section-bed
For 71tracks	Session	Long	TR-808	medium	0.55	138	130	15443639993	1008.8	2005-01-24	2025-05-31	Bass, Melodic, Noise	LONG-SESSION:72, SONG?:43, SESSION-TAKE:4, SONG:3, SECTION-BED:2, SAMPLE-SHORT:2	AIFF:106, WAV-float32:13, AIFC:fl32:4, RAW-PCM:3	session long tr-808 bass melodic noise long-session song session-take
Garritan Jazz Big Band Library	Sample	Oneshots		high	0.70	838	400	2910123908	275.0	2004-08-19	2010-01-21	Bass, Snare, Orchestral, Conga, Melodic, Kick, Hat, Shaker	ONE-SHOT:280, DRUM-ONESHOT:64, TONAL-HIT:49, SAMPLE-SHORT:3, CHOP:2, LONG-SESSION:2	RAW-PCM:400	sample oneshots bass orchestral melodic hat snare kick conga shaker clave tambourine one-shot drum-oneshot tonal-hit sample-short
Garriton Personal Orchestra	Sample	Oneshots		medium	0.63	1059	479	1952283728	184.5	2003-10-29	2022-01-30	Orchestral, Bass, Melodic, Perc, Kick	ONE-SHOT:300, TONAL-HIT:162, DRUM-ONESHOT:8, UNKNOWN:5, LONG-SESSION:3, CHOP:1	RAW-PCM:474	sample oneshots orchestral bass melodic perc kick one-shot tonal-hit drum-oneshot unknown
Grungy Drums	Sample	Oneshots		medium	0.51	1764	1653	184156216	18.8	2001-09-19	2010-01-10	Tom, Rim, Stick, Kick	ONE-SHOT:848, SAMPLE-SHORT:491, DRUM-ONESHOT:171, CHOP:139, UNKNOWN:2, SAMPLE:2	AIFF:1646, RAW-PCM:5	sample oneshots tom rim stick kick one-shot sample-short drum-oneshot chop
HOME GROWN 909	Drum	Machine	TR-909	high	0.91	22	11	2842283	0.5	1999-03-21	2010-01-10		DRUM-ONESHOT:10, SAMPLE:1	WAV:11	drum machine tr-909 drum-oneshot sample
Halion String Player	Sample	Oneshots	Halion	medium	0.62	5794	5794	5448450086	321.8	2002-08-31	2009-09-05		SAMPLE-SHORT:3577, DRUM-ONESHOT:1424, SAMPLE:789, UNKNOWN:4	AIFF:4784, RAW-PCM:1006	sample oneshots halion sample-short drum-oneshot unknown
Hardware Excursions Volume 1	Session	Long		medium	0.50	10	8	433801690	32.7	2009-02-28	2020-06-26		LONG-SESSION:4, ONE-SHOT:2, UNKNOWN:1, SAMPLE-SHORT:1	WAV:4, RAW-PCM:3	session long long-session one-shot unknown sample-short
Hardware Excursions Volume Two	Song	Mixes		medium	0.67	5	3	437472780	27.5	2009-02-27	2011-03-19		SONG:2, UNKNOWN:1	AIFF:2	song mixes unknown
Hardware Sessions	Session	Long	Oberheim	high	0.75	13	12	1388942166	87.5	2008-07-22	2009-09-05		LONG-SESSION:9, SECTION-BED:2, UNKNOWN:1	AIFF:11	session long oberheim long-session section-bed unknown
Harvested	Sample	Oneshots		medium	1.00	2	1	1260357	0.1	2009-02-06	2010-08-10		SAMPLE-SHORT:1	AIFF:1	sample oneshots sample-short
Help! My computer took acid and now it's trying to read my fingers	Sample	Beds		low	0.29	17	17	232795820	25.1	2001-04-17	2018-04-05		SECTION-BED:5, SONG?:4, SAMPLE:3, LONG-SESSION:2, CHOP:2, UNKNOWN:1	AIFF:9, RAW-PCM:7	sample beds section-bed song long-session
Herbie Hancock	Sample	Chops		high	0.97	70	36	90256127	5.7	2010-11-23	2011-03-01		CHOP:35, LONG-SESSION:1	AIFF:36	sample chops chop long-session
Hi Hats	Sample	Chops		medium	0.62	239	159	12014015	1.8	2005-08-01	2010-01-10		CHOP:98, ONE-SHOT:61	WAV:159	sample chops chop one-shot
Hip Hop Kits	Drum	Machine	Akai MPC	high	0.91	3426	3055	167261564	27.9	2005-08-01	2022-01-30	Snare, Kick, Hat, Bass, Orchestral, Rim, Melodic, Perc	DRUM-ONESHOT:2769, SAMPLE-SHORT:206, CHOP:61, TONAL-HIT:9, DRUM-HIT-LONG:5, SAMPLE:2	WAV:2858, RAW-PCM:173, WAV-comp2:16, MP3:7	drum machine tr-808 tr-909 akai-mpc e-mu-sp-12 conga kick snare hat rim bass perc melodic ride orchestral stick crash tom clap hat-open shaker hat-closed drum-oneshot sample-short chop tonal-hit
Hip Hop Loops	Sample	Loops		high	0.80	175	106	25567263	4.7	2005-08-01	2010-01-10	Bass, Rim, Hat Open	LOOP:85, SAMPLE-SHORT:17, DRUM-ONESHOT:3, TONAL-HIT:1	WAV:106	sample loops bass rim hat-open loop sample-short drum-oneshot tonal-hit
IO Records	Session	Long		low	0.29	204	181	6879825942	523.2	2008-03-10	2022-01-30		LONG-SESSION:53, SYNTH-STAB:25, ONE-SHOT:24, SONG?:19, CHOP:14, SECTION-BED:10	RAW-PCM:92, AIFF:57, WAV:13, FLAC:5	session long long-session synth-stab one-shot song
Illustraed Man Samples	Sample	General		medium	0.48	41	25	74037050	7.5	2005-03-19	2009-09-13	Vocal	SAMPLE:12, SECTION-BED:6, SAMPLE-SHORT:3, ONE-SHOT:2, FX:1, VOCAL:1	AIFF:24, RAW-PCM:1	sample general vocal section-bed sample-short one-shot
Interface Sounds	Sample	Oneshots		medium	0.62	13	8	246345603	15.5	2007-12-02	2010-08-27		ONE-SHOT:5, SONG?:2, LONG-SESSION:1	AIFF:8	sample oneshots one-shot song long-session
Isomer Transition	Session	Long		high	0.71	167	155	19611230042	1401.1	2003-07-20	2020-06-26	Kick, Hat Open	LONG-SESSION:110, SONG:22, SONG?:13, FX:7, STEM:3	AIFF:138, WAV:6, MP3:4	session long kick hat-open long-session song fx
Isomer Transition - 1971	Song	Mixes		high	0.74	48	39	5065931810	331.3	2007-11-10	2019-05-18		SONG:29, LONG-SESSION:8, FX:2	AIFF:32, WAV:3, RAW-PCM:1	song mixes long-session fx
Isomer Transition - Beginings	Session	Long		medium	0.62	11	8	744637081	58.6	2008-03-22	2017-11-14		LONG-SESSION:5, SONG:2, FX:1	AIFF:7	session long long-session song fx
Isomer Transition - Bright Lights Big City	Song	Mixes		medium	0.75	7	4	350757997	22.0	2009-02-27	2010-07-21		SONG:3, FX:1	AIFF:3	song mixes fx
Isomer Transition - Early Tracks	Session	Long		medium	0.50	19	18	1260260072	102.0	2009-03-01	2019-05-18		LONG-SESSION:9, FX:5, SONG:3, STEM:1	AIFF:13, RAW-PCM:2, EMPTY:1	session long long-session fx song stem
Isomer Transition - Hardware Excursions	Song	Mixes		medium	0.67	4	3	439488027	27.5	2009-09-05	2025-10-19		SONG:2, FX:1	AIFF:2	song mixes fx
Isomer Transition - Mission To Mars	Session	Long		medium	0.67	6	6	500193398	31.5	2018-10-23	2019-05-18		LONG-SESSION:4, FX:1, SONG:1	AIFF:5	session long long-session fx song
Isomer Transition - Mission to Mars - MDG_011-Masters	Song	Masters		high	0.88	11	8	689034190	43.3	2007-12-05	2019-05-18		SONG:7, FX:1	AIFF:7, RAW-PCM:1	song masters fx
Isomer Transition - Orbits Decaying	Session	Long		medium	0.57	13	7	779376901	48.9	2009-02-27	2019-05-18		LONG-SESSION:4, SONG:2, SONG?:1	AIFF:7	session long long-session song
Isomer Transition - Orbits Decaying Originals	Session	Long		high	0.86	13	7	688030320	43.1	2008-06-17	2010-04-02		LONG-SESSION:6, FX:1	AIFF:6	session long long-session fx
Isomer Transition - Shadowlands	Song	Mixes		high	0.80	5	5	224913445	21.2	2018-10-23	2020-03-16		SONG:4, FX:1	AIFF:4	song mixes fx
Isomer Transition Tracks	Session	Long		high	0.92	44	25	3007065558	188.4	2009-03-06	2025-12-17		LONG-SESSION:23, FX:1, SONG:1	AIFF:23, WAV:1	session long long-session fx song
Isomer Transitions Masters.zip Folder	Song	Masters		medium	1.00	8	4	473544540	44.5	2010-03-13	2010-07-22		SONG:4	WAV:4	song masters
Jan Pad Edits	Sample	Chops		medium	0.58	71	71	47319644	3.0	2009-04-13	2009-04-13		CHOP:41, ONE-SHOT:22, PAD-BED:8	AIFF:71	sample chops chop one-shot pad-bed
Jarus - mix 5.2.3	Sample	Beds		low	0.42	33	33	424642664	48.3	2002-09-09	2018-04-06	Bass, Kick	SECTION-BED:14, SONG?:10, SAMPLE:5, UNKNOWN:1, LONG-SESSION:1, TONAL-HIT:1	RAW-PCM:28, AIFF:3, MP3:1	sample beds kick bass section-bed song unknown
Jeremy Idol	Unsorted	Mixed		medium	1.00	1	1	6148	0.0	2011-11-09	2011-11-09		UNKNOWN:1		unsorted mixed unknown
Jimmy Hendrix	Synth	Hits		medium	0.67	6	3	2108731	0.1	2011-02-17	2011-03-30	Noise, Hat	TONAL-HIT:2, DRUM-ONESHOT:1	AIFF:3	synth hits noise hat tonal-hit drum-oneshot
K-Ta-Klysm S-M-P-L-D Kitt	Drum	Kit		high	0.93	43	43	6153262	0.4	2009-11-30	2009-11-30	Hat Closed, Clap, Hat Open, Snare	DRUM-ONESHOT:40, SAMPLE-SHORT:2, FX:1	WAV:43	drum kit hat-closed clap snare hat-open drum-oneshot sample-short fx
Kit Zips	Sample	Oneshots	Alesis	high	0.86	21	21	12650034	1.2	2004-01-22	2009-03-26		SAMPLE-SHORT:18, DRUM-ONESHOT:2, UNKNOWN:1	RAW-PCM:20	sample oneshots alesis oberheim-dmx sample-short drum-oneshot unknown
Kontakt Patches	Drum	Kit	NI Kontakt	medium	0.50	10	10	11920699	0.8	2009-04-15	2009-04-17		DRUM-ONESHOT:5, SAMPLE-SHORT:4, SAMPLE:1	RAW-PCM:5, AIFF:5	drum kit ni-kontakt drum-oneshot sample-short sample
Kronos Edits	Sample	Oneshots		medium	0.59	34	17	18701938	1.7	2010-11-29	2011-03-01		SAMPLE-SHORT:10, SAMPLE:4, ONE-SHOT:3	AIFF:17	sample oneshots sample-short one-shot
Kronos Quartet and Asha Bhosle	Session	Long		medium	0.62	18	13	674719643	63.5	2010-11-26	2010-12-16		LONG-SESSION:8, SONG?:3, UNKNOWN:1, SESSION-TAKE:1	AIFC:sowt:12	session long long-session song unknown session-take
LATE breaking news	Drum	Hits		medium	0.50	5	4	279926	0.1	1996-02-03	1996-05-20	Kick, Snare	DRUM-ONESHOT:2, SAMPLE-SHORT:1, ONE-SHOT:1	AIFF:4, EMPTY:1	drum hits kick snare drum-oneshot sample-short one-shot
Late Sunday Loops	Sample	General		medium	0.67	6	3	30913673	1.9	2005-06-06	2009-12-10		SAMPLE:2, SECTION-BED:1	AIFF:3	sample general section-bed
Licensing	Session	Long		high	0.88	24	17	1688298915	108.9	2008-11-18	2017-11-14		LONG-SESSION:15, UNKNOWN:1, SONG?:1	AIFF:15, WAV:1	session long long-session unknown song
Lil' Wayne = D'Wayne Carter	Sample	Oneshots		medium	1.00	1	1	838700	0.1	2001-04-18	2001-04-18		SAMPLE-SHORT:1	RAW-PCM:1	sample oneshots sample-short
M files	Sample	Oneshots		medium	1.00	2	2	45834	0.0	2004-01-16	2004-01-17		ONE-SHOT:2	RAW-PCM:2	sample oneshots one-shot
MASTER FILES TO SORT	Song	Masters		medium	1.00	2	2	36872	0.0	2009-09-05	2022-01-30		SONG:2		song masters
MC303 Folder	Drum	Machine	Roland MC-303	high	0.92	156	140	5224737	0.9	1988-03-29	2010-02-04	Clave, Cowbell, Rim, Shaker	DRUM-ONESHOT:129, SAMPLE-SHORT:11	WAV:140, EMPTY:1	drum machine tr-707 roland-mc-303 clave cowbell rim shaker drum-oneshot sample-short
MD 09.01.2009	Sample	Chops		high	0.98	264	165	193071478	12.1	2009-09-02	2010-08-10		CHOP:161, UNKNOWN:1, SECTION-BED:1, SONG?:1, SAMPLE-SHORT:1	AIFF:164	sample chops chop unknown section-bed song
MD Samples 09.01.2009	Sample	Chops		high	0.99	323	162	113607342	7.1	2009-09-02	2010-02-15		CHOP:160, UNKNOWN:1, SAMPLE-SHORT:1	AIFF:161	sample chops chop unknown sample-short
MD_09.01.2009	Sample	Chops		high	1.00	166	161	111824731	7.0	2009-09-02	2011-03-27		CHOP:161	AIFF:161	sample chops chop
"MP3 - Isomer "" Valeo"	Song	Masters		high	0.87	53	52	679679311	566.4	2004-10-27	2022-01-30	Melodic	SONG:45, LONG-SESSION:4, ONE-SHOT:2, UNKNOWN:1	MP3:49, RAW-PCM:2	song masters melodic long-session one-shot unknown
MPC Series Samples	Drum	Machine	Akai MPC	high	0.86	313	255	14034296	2.3	2005-08-01	2009-09-07	Shaker, Ride, Tambourine, Clave	DRUM-ONESHOT:219, SAMPLE-SHORT:32, CHOP:4	WAV:254, RAW-PCM:1	drum machine akai-mpc tr-808 ride shaker tambourine clave drum-oneshot sample-short chop
Machine Drum	Sample	Chops		medium	0.60	43	40	283242158	17.8	2009-04-15	2010-08-10		CHOP:24, SAMPLE:11, SONG?:2, SYNTH-STAB:1, LONG-SESSION:1, ONE-SHOT:1	AIFF:40	sample chops chop song synth-stab
Machinedrum Kicks	Drum	Machine	Elektron Machinedrum	high	0.70	20	10	2720256	0.2	2009-05-28	2009-05-28	Hat, Snare	DRUM-ONESHOT:7, SAMPLE-SHORT:3	AIFF:10	drum machine elektron-machinedrum hat snare drum-oneshot sample-short
Machinedrum Samples	Sample	General	Elektron Machinedrum	low	0.25	16	12	74195816	6.2	2009-05-19	2011-03-27	Kick, Snare	SAMPLE:3, SECTION-BED:3, SAMPLE-SHORT:2, DRUM-ONESHOT:2, UNKNOWN:1, SONG?:1	AIFF:11	sample general elektron-machinedrum kick snare section-bed sample-short drum-oneshot
March Set Additions	Sample	Oneshots		high	0.73	37	37	1228178	0.1	2011-03-18	2011-03-18	Bass, Vocal, Melodic, Noise	ONE-SHOT:27, TONAL-HIT:5, LOOP:2, VOCAL:2, SONG?:1	RAW-PCM:37	sample oneshots bass melodic noise vocal one-shot tonal-hit loop
MetaDrums	Drum	Machine	TR-808	low	0.27	107	51	23579563	2.2	2003-03-19	2010-02-21	Hat, Kick, Melodic, Noise, Clap, Crash, Tambourine, Ride	DRUM-ONESHOT:14, ONE-SHOT:13, SAMPLE-SHORT:6, CHOP:5, SYNTH-STAB:4, TONAL-HIT:3	AIFF:48, RAW-PCM:2	drum machine tr-808 noise clap hat kick crash tambourine ride snare melodic drum-oneshot one-shot sample-short chop
Microcosm - the lost tracks	Session	Long		low	0.41	22	22	748707456	70.7	2010-01-12	2010-01-12		LONG-SESSION:9, SAMPLE:6, STEM:4, SAMPLE-SHORT:3	AIFC:sowt:22	session long long-session sample stem sample-short
Miller Valeo Edits	Sample	Oneshots		low	0.29	48	24	70998090	12.9	2009-12-01	2009-12-06	Bass, Noise, Melodic	SAMPLE-SHORT:7, TONAL-HIT:6, SAMPLE:6, LOOP:2, LONG-SESSION:1, SECTION-BED:1	AIFF:24	sample oneshots bass melodic noise sample-short tonal-hit loop
Miller Valeo Sessions	Session	Long		high	0.73	21	11	556229966	84.9	2009-11-06	2010-02-20		LONG-SESSION:8, SESSION-TAKE:2, SECTION-BED:1	AIFF:11	session long long-session session-take section-bed
Modified Four	Session	Long		high	1.00	16	13	1493426380	94.0	2009-06-04	2010-07-22		LONG-SESSION:13	AIFF:13	session long long-session
Mono - drums	Sample	Chops		high	0.77	151	151	38422066	6.4	1993-08-19	2010-02-25		CHOP:116, SAMPLE-SHORT:19, ONE-SHOT:9, SAMPLE:4, UNKNOWN:2, SECTION-BED:1	RAW-PCM:134, MP3:15	sample chops chop sample-short one-shot
Monopoly	Synth	Hits		high	0.81	153	90	125029773	7.8	2009-02-04	2010-08-10		SYNTH-STAB:73, CHOP:11, SAMPLE:3, UNKNOWN:2, SONG?:1	AIFF:88	synth hits synth-stab chop sample unknown
Motif_Hip_Hop	Sample	Oneshots		low	0.44	50	50	6214404	0.6	2004-03-21	2004-03-21	Snare, Tom, Crash, Conga, Cowbell, Tambourine, Clap, Kick	ONE-SHOT:22, DRUM-ONESHOT:17, CHOP:5, SAMPLE-SHORT:3, SYNTH-STAB:1, LOOP:1	WAV:50	sample oneshots crash snare tom conga cowbell tambourine clap kick noise one-shot drum-oneshot chop sample-short
Mountain Parts	Session	Long		high	1.00	27	22	2934330983	184.7	2007-09-01	2010-04-01	Kick, Clap, Snare, Bass	LONG-SESSION:22	AIFF:22	session long clap snare kick bass long-session
NEVER RELEASED	Song	Masters		medium	0.55	11	11	336797590	29.7	2000-05-07	2009-09-05		SONG?:6, UNKNOWN:1, SAMPLE:1, SONG:1, SECTION-BED:1, LONG-SESSION:1	AIFF:10	song masters unknown sample
NI Studio Drums Disc 01	Sample	Chops		high	0.72	1972	1957	588900038	72.9	2001-06-05	2008-03-14	Snare	CHOP:1408, DRUM-ONESHOT:528, ONE-SHOT:14, SAMPLE:6, SAMPLE-SHORT:1	WAV:1922, RAW-PCM:35	sample chops snare chop drum-oneshot one-shot
NI Studio Drums Disc 02	Sample	Chops		high	0.93	1263	1247	618883912	77.9	2001-06-05	2008-03-14		CHOP:1160, DRUM-ONESHOT:73, ONE-SHOT:14	WAV:1228, RAW-PCM:19, EMPTY:1	sample chops chop drum-oneshot one-shot
NS Kit Free	Sample	Beds		medium	0.57	14	14	224508543	21.2	2006-03-29	2006-05-18	Snare, Tom, Crash, Ride, Hat, Kick	SECTION-BED:8, SONG?:4, LONG-SESSION:1, DRUM-ONESHOT:1	RAW-PCM:14	sample beds crash ride hat kick snare tom section-bed song long-session drum-oneshot
NYC Field Recordings	Sample	Pads		medium	0.61	257	152	674511555	61.2	2000-06-22	2025-12-18	Bass, Noise	PAD-BED:93, SAMPLE-SHORT:33, SONG?:7, ONE-SHOT:6, CHOP:6, UNKNOWN:5	AIFF:122, RAW-PCM:30	sample pads bass noise pad-bed sample-short song one-shot
Neptunes_Drum_Kits	Drum	Machine	TR-808	high	0.88	1140	947	93692967	11.8	2001-08-23	2011-01-11	Kick, Perc, Snare, Hat, Clap, Stick, Vocal, Shaker	DRUM-ONESHOT:832, SAMPLE-SHORT:76, CHOP:21, VOCAL:5, SAMPLE:5, DRUM-HIT-LONG:4	WAV:940, RAW-PCM:3, AIFF:1, EMPTY:1	drum machine tr-808 tr-909 conga kick orchestral snare shaker bass clap hat-open hat melodic cowbell stick perc vocal drum-oneshot sample-short chop
Night Gowns	Sample	Chops		high	0.96	27	27	20286504	3.1	2001-04-17	2001-04-21		CHOP:26, SAMPLE:1	AIFF:27	sample chops chop
Nord Lead	Sample	Oneshots		medium	0.57	14	7	55537963	3.4	2009-04-15	2025-04-18		SAMPLE-SHORT:4, SAMPLE:1, PAD-BED:1, SESSION-TAKE:1	AIFF:7	sample oneshots sample-short pad-bed session-take
Nov 2012 Edits	Sample	Chops		low	0.26	44	23	103657555	6.5	2012-11-01	2019-04-09	Hat	CHOP:6, DRUM-ONESHOT:6, SAMPLE:6, ONE-SHOT:3, DRUM-HIT-LONG:1, SONG?:1	AIFF:23	sample chops hat chop drum-oneshot one-shot
OB-1 Bass Sounds	Sample	Chops		high	0.94	141	70	89111617	5.6	2009-02-04	2009-09-01	Bass	CHOP:66, ONE-SHOT:3, SONG?:1	WAV:69, AIFF:1	sample chops bass chop one-shot song
Oberheim DMX	Drum	Machine	Oberheim DMX	high	0.94	52	36	560356	0.2	2003-02-03	2009-10-07	Clap, Clave, Conga, Cowbell, Crash	DRUM-ONESHOT:34, SAMPLE-SHORT:2	WAV:36	drum machine oberheim-dmx clap clave conga cowbell crash drum-oneshot sample-short
Oberheim DX 44.1	Drum	Machine	Oberheim	high	0.94	37	36	936017	0.2	2003-02-23	2004-11-21	Clap, Clave, Conga, Cowbell, Crash	DRUM-ONESHOT:34, SAMPLE-SHORT:2	AIFF:36	drum machine oberheim clap clave conga cowbell crash drum-oneshot sample-short
Old Project Archive	Drum	Kit	NI Kontakt	low	0.32	3691	3061	18919326907	3449.0	1995-05-25	2022-01-30	Kick, Hat, Bass, Melodic, Noise, Orchestral, Snare, Stick	DRUM-ONESHOT:967, CHOP:460, SAMPLE-SHORT:343, SONG?:242, SAMPLE:239, ONE-SHOT:221	RAW-PCM:1267, WAV:889, AIFF:735, MP3:142	drum kit ni-kontakt ni-battery tr-707 ni-absynth tr-808 bass hat melodic vocal orchestral ride kick snare noise shaker hat-open hat-closed perc stick clap crash drum-oneshot chop sample-short song
Pandatone Guitars	Sample	General		low	0.21	351	192	2681590233	168.5	2009-01-26	2025-04-18	Bass, Noise, Orchestral	SAMPLE:40, CHOP:33, SAMPLE-SHORT:31, SECTION-BED:29, ONE-SHOT:18, SONG?:14	AIFF:187, RAW-PCM:2, EMPTY:1	sample general bass orchestral noise chop sample-short section-bed
Parametric Groups	Session	Long		medium	0.60	29	25	1808627137	113.8	2009-09-08	2010-04-01	Bass, Perc, Vocal, Clap, Snare, Kick	LONG-SESSION:15, SONG?:5, SECTION-BED:2, UNKNOWN:1, SAMPLE:1, STEM:1	AIFF:24	session long bass perc clap snare vocal kick long-session song section-bed unknown
Parametric Pressure	Session	Long		high	1.00	41	21	2069994116	129.9	2009-09-07	2009-09-11	Bass, Vocal, Perc, Clap, Snare, Kick	LONG-SESSION:21	AIFF:21	session long bass perc clap snare vocal kick long-session
Part Renderes	Song	Masters		high	0.93	30	15	422197878	26.4	2009-10-23	2009-10-23	Bass	SONG:14, SECTION-BED:1	AIFF:15	song masters bass section-bed
Pelligrino Parts	Session	Stems	NI Battery	low	0.37	37	19	639974212	40.1	2009-06-04	2009-09-06	Kick, Bass, Shaker, Tom	STEM:7, SECTION-BED:6, SAMPLE:3, LONG-SESSION:2, UNKNOWN:1	AIFF:18	session stems ni-battery kick bass shaker tom stem section-bed sample long-session
Percs and Noides	Song	Mixes		medium	0.64	13	11	1176487592	78.3	2005-06-18	2009-12-11		SONG?:7, LONG-SESSION:3, UNKNOWN:1	AIFF:10	song mixes long-session unknown
Pewter Audio Bits	Song	Mixes		medium	0.67	4	3	70391075	6.6	2008-08-14	2011-04-29		SONG?:2, UNKNOWN:1	AIFF:2	song mixes unknown
Processed Drum Sounds	Song	Mixes		medium	0.47	20	19	1084033952	68.3	2005-07-16	2009-11-20		SONG?:9, LONG-SESSION:4, SAMPLE:3, SECTION-BED:2, UNKNOWN:1	AIFF:18	song mixes long-session sample section-bed
Processing	Sample	Beds		low	0.32	49	28	362233650	39.6	2007-07-09	2009-12-11	Melodic	SECTION-BED:9, SONG?:7, LONG-SESSION:3, CHOP:3, SAMPLE:2, SAMPLE-SHORT:2	AIFF:24, RAW-PCM:2, MP3:1	sample beds melodic section-bed song long-session chop
REverbs	Sample	General		medium	1.00	4	2	9311026	0.6	2009-04-13	2009-08-29		SAMPLE:2	AIFF:2	sample general
RJ Valeo	Song	Mixes		medium	0.47	51	51	3901989521	297.7	2000-05-07	2011-04-19		SONG?:24, LONG-SESSION:20, SONG:5, SECTION-BED:1, ONE-SHOT:1	AIFF:43, WAV:7, MP3:1	song mixes long-session section-bed
RJ Valeo - Diaspora Project	Session	Long		medium	0.61	61	41	4279192216	275.6	2007-10-17	2019-11-28		LONG-SESSION:25, SONG?:8, UNKNOWN:5, ONE-SHOT:2, SECTION-BED:1	AIFF:34, RAW-PCM:2, EMPTY:1	session long long-session song unknown one-shot
RJ Valeo - Diaspora_Project	Session	Long		high	0.88	8	8	1558314460	107.9	2005-12-01	2010-08-06		LONG-SESSION:7, UNKNOWN:1	AIFF:7	session long long-session unknown
RJ Valeo - HI-12	Song	Mixes		high	0.80	9	5	180261612	16.8	2008-02-26	2009-09-05		SONG?:4, UNKNOWN:1	AIFF:4	song mixes unknown
RJ Valeo - Live Performance Recordings	Session	Live		high	0.86	8	7	4151871969	811.5	2003-12-05	2019-05-10		LONG-SESSION:6, UNKNOWN:1	AIFF:5, MP3:1	session live long-session unknown
RJ Valeo - Microcosm	Session	Long		medium	0.53	15	15	791680230	74.8	2001-04-27	2012-12-03		LONG-SESSION:8, SONG?:4, UNKNOWN:1, SONG:1, STEM:1	AIFF:13, RAW-PCM:1	session long long-session song unknown
RJ Valeo - September B-Sides	Song	Mixes		medium	0.56	12	9	484358615	39.0	2001-04-27	2017-11-14		SONG?:5, LONG-SESSION:2, UNKNOWN:1, SONG:1	AIFF:7, WAV:1	song mixes long-session unknown
RJ Valeo - September [master]	Song	Masters		high	0.89	9	9	412490114	39.0	2003-02-25	2008-04-19		SONG:8, SONG?:1	AIFF:8, RAW-PCM:1	song masters
RJ Valeo - jarus	Session	Long		medium	0.50	4	4	169373002	16.0	2002-09-11	2012-12-03		LONG-SESSION:2, UNKNOWN:1, SONG:1	RAW-PCM:2, AIFF:1	session long long-session unknown song
RJ Valeo - sunrise remastered	Song	Masters		medium	0.46	15	13	648378326	61.0	2000-03-21	2019-12-30		SONG:6, SAMPLE:2, UNKNOWN:1, LONG-SESSION:1, SECTION-BED:1, ONE-SHOT:1	AIFF:7, RAW-PCM:5	song masters sample unknown long-session
RJ Valeo Vintage	Session	Long		high	0.75	40	40	600020741	395.7	2006-11-01	2020-02-26		LONG-SESSION:30, UNKNOWN:7, SONG?:1, SONG:1, SECTION-BED:1	MP3:32, MP4/M4A:5, RAW-PCM:1	session long long-session unknown song
RJ_Drumz	Session	Long		high	0.93	21	15	799706490	151.1	2010-02-07	2010-11-23		LONG-SESSION:14, UNKNOWN:1	AIFF:14, EMPTY:6	session long long-session unknown
RY30	Sample	Oneshots		high	0.77	199	99	7823485	1.4	2008-05-19	2009-11-30		ONE-SHOT:76, SAMPLE-SHORT:23	WAV:99	sample oneshots one-shot sample-short
Record Noise	Synth	Hits		medium	0.50	4	2	1491830	0.1	2009-11-30	2009-12-06	Noise	TONAL-HIT:1, SAMPLE-SHORT:1	AIFF:2	synth hits noise tonal-hit sample-short
Record Recordings	Sample	Oneshots		medium	0.56	900	753	953788045	59.3	2011-02-24	2025-04-18	Clap, Snare, Kick	ONE-SHOT:425, CHOP:260, SAMPLE-SHORT:39, SAMPLE:14, DRUM-ONESHOT:6, SONG?:3	AIFF:749, RAW-PCM:2, EMPTY:1	sample oneshots kick snare clap one-shot chop sample-short
Recovered Files	Sample	Chops		high	0.86	15	14	7733760	1.6	1996-02-15	1996-12-17		CHOP:12, SAMPLE:1, SECTION-BED:1	AIFF:14, EMPTY:1	sample chops chop section-bed
Recovered Sounds	Sample	Chops	TR-909	medium	0.68	81	63	35956901	4.9	1995-05-29	2010-02-21	Kick	CHOP:43, ONE-SHOT:15, DRUM-ONESHOT:2, SAMPLE:2, LOOP:1	AIFF:63, EMPTY:1	sample chops tr-909 kick chop one-shot drum-oneshot
Reggae Drums	Sample	Chops		medium	0.47	161	153	162263098	15.3	2005-08-01	2009-09-05	Hat, Perc, Snare, Kick	CHOP:72, DRUM-HIT-LONG:44, DRUM-ONESHOT:29, SAMPLE:7, ONE-SHOT:1	WAV:152, RAW-PCM:1	sample chops hat kick perc snare chop drum-hit-long drum-oneshot
Richard J Valeo	Session	Long		high	0.84	59	55	1845614197	740.4	2008-09-26	2020-06-26	Noise	LONG-SESSION:46, SONG?:6, UNKNOWN:1, SONG:1, SESSION-TAKE:1	MP3:53, AIFF:1	session long noise long-session song unknown
Richard J Valeo - Basement Tapes Series	Session	Long		medium	0.60	18	10	843150652	78.3	2001-08-23	2017-11-14		LONG-SESSION:6, SONG?:3, SESSION-TAKE:1	AIFF:10	session long long-session song session-take
Richard J Valeo - Days	Song	Mixes		medium	0.50	10	6	482788798	30.3	2009-02-27	2012-12-03		SONG:3, LONG-SESSION:2, SONG?:1	AIFF:6	song mixes long-session
Richard J Valeo - Devolution Complete	Session	Long		medium	0.68	22	22	1560800166	147.5	2008-02-27	2009-09-05		LONG-SESSION:15, SONG?:6, UNKNOWN:1	AIFF:21	session long long-session song unknown
Richard J Valeo - Diaspora	Session	Long		medium	0.62	16	8	783064160	47.8	2007-10-16	2010-02-15		LONG-SESSION:5, SONG?:3	AIFF:8	session long long-session song
Richard J Valeo - Hardware_Excursions_Volume_1	Session	Long		medium	0.67	5	3	260116240	16.3	2009-02-28	2009-03-13		LONG-SESSION:2, UNKNOWN:1	WAV:2	session long long-session unknown
Richard J Valeo - Live Exerpts	Session	Live		medium	0.50	4	4	188493902	17.8	2009-09-05	2012-12-03		LONG-SESSION:2, UNKNOWN:1, SESSION-TAKE:1	AIFF:3	session live long-session unknown session-take
Richard J Valeo - Programatic Responses	Session	Long		high	0.73	12	11	1795490137	113.1	2006-03-28	2008-05-14		LONG-SESSION:8, SECTION-BED:2, ONE-SHOT:1	AIFF:8, WAV:2, RAW-PCM:1	session long long-session section-bed one-shot
Richard J Valeo - Programmatic Responses	Session	Long		medium	0.48	28	25	2317981270	200.5	2008-04-26	2020-06-12		LONG-SESSION:12, ONE-SHOT:8, SECTION-BED:4, UNKNOWN:1	RAW-PCM:8, AIFF:8, MP3:4, WAV:4	session long long-session one-shot section-bed unknown
Richard J Valeo Tracks	Session	Long		low	0.44	19	16	1067673701	68.9	2008-06-03	2020-06-10		LONG-SESSION:7, STEM:4, UNKNOWN:3, SONG:1, ONE-SHOT:1	AIFF:8, RAW-PCM:3, WAV:2	session long long-session stem unknown song
SD2 Files	Sample	Oneshots		medium	1.00	3	2	473178	0.0	2004-01-23	2004-01-23		SAMPLE-SHORT:2	AIFF:1, RAW-PCM:1, EMPTY:1	sample oneshots sample-short
Samples	Sample	Chops	TR-808	low	0.24	445	388	4031102593	329.8	1994-09-08	2022-01-30	Vocal, Snare, Kick, Bass, Hat Open, Hat, Rim, Orchestral	CHOP:93, DRUM-ONESHOT:74, SAMPLE-SHORT:53, SONG?:32, SAMPLE:30, SECTION-BED:24	AIFF:202, WAV:164, RAW-PCM:9, MP3:4	sample chops moog-modular tr-909 tr-808 bass hat perc rim orchestral hat-open vocal kick snare tom cowbell hat-closed clap chop drum-oneshot sample-short song
San Pellegrino	Session	Long		medium	0.69	16	13	1623484436	102.2	2009-05-28	2010-04-02		LONG-SESSION:9, SONG:4	AIFF:12, WAV:1	session long long-session song
Select_Samples	Drum	Machine	Oberheim	low	0.29	95	48	6553028	1.1	1995-07-30	2011-10-22	Clap, Snare, Ride, Hat, Orchestral, Kick	DRUM-ONESHOT:14, SAMPLE-SHORT:14, ONE-SHOT:13, UNKNOWN:2, CHOP:2, SYNTH-STAB:1	AIFF:29, RAW-PCM:9, WAV:6, MP3:2	drum machine tr-808 e-mu-drumulator oberheim clap ride hat orchestral snare kick drum-oneshot sample-short one-shot unknown
Shadowlands EP  (Vinyl)	Session	Long		medium	0.75	4	4	28091724	25.7	2007-08-17	2011-03-08		LONG-SESSION:3, UNKNOWN:1	MP3:3	session long long-session unknown
Sharp Metalic Jabs and Stabs	Sample	Oneshots		high	0.91	224	208	10798069	1.0	2000-04-22	2009-09-13	Perc	ONE-SHOT:189, CHOP:11, DRUM-ONESHOT:5, SAMPLE-SHORT:3	RAW-PCM:202, AIFF:5, MP3:1	sample oneshots perc one-shot chop drum-oneshot sample-short
Slurpy Percussion	Sample	Oneshots		high	0.85	205	194	14843683	1.9	2005-03-19	2010-02-21		ONE-SHOT:165, SAMPLE-SHORT:17, CHOP:12	AIFF:193, RAW-PCM:1	sample oneshots one-shot sample-short chop
Sounds	Sample	Chops		low	0.24	93	78	273596841	34.3	2000-09-01	2007-09-01		CHOP:19, SAMPLE-SHORT:18, SAMPLE:17, SECTION-BED:11, SONG?:6, ONE-SHOT:5	AIFF:74, RAW-PCM:4	sample chops chop sample-short section-bed
Sounds for Devotion show	Sample	Beds		medium	1.00	2	1	10560389	0.7	2010-08-10	2010-08-10		SECTION-BED:1	AIFF:1	sample beds section-bed
Stefny Remix	Session	Long		high	1.00	5	5	478837290	30.2	2009-09-21	2009-09-22		LONG-SESSION:5	AIFF:5	session long long-session
Stefny_Echinodon_Archipel_Parts	Sample	Oneshots		medium	0.55	40	20	14624227	1.4	2009-08-17	2009-09-18		SAMPLE-SHORT:11, SAMPLE:3, CHOP:3, FX:2, UNKNOWN:1	AIFF:19	sample oneshots sample-short chop fx
Swiging, Modified, 6 + 2	Session	Long		high	0.80	34	25	2355185856	148.1	2009-09-08	2009-09-08	Bass, Vocal, Conga	LONG-SESSION:20, SONG?:2, UNKNOWN:1, SAMPLE-SHORT:1, STEM:1	AIFF:24	session long bass vocal conga long-session song unknown sample-short
TET - Microcosm	Session	Long		high	0.75	12	12	753985344	71.2	2012-12-02	2012-12-02		LONG-SESSION:9, STEM:3	AIFC:sowt:12	session long long-session stem
TFIB Feb 2009	Session	Long		high	0.89	53	45	5208050733	327.8	2009-02-17	2022-01-30		LONG-SESSION:40, SONG:3, UNKNOWN:1, FX:1	AIFF:43	session long long-session song unknown fx
TR808WAV	Drum	Machine	TR-808	medium	0.52	136	117	12761893	2.4	1994-09-08	2009-10-10	Cowbell, Hat Closed, Clap, Rim	DRUM-ONESHOT:61, CHOP:55, UNKNOWN:1	WAV:116	drum machine tr-808 cowbell hat-closed clap rim drum-oneshot chop unknown
Tape Rips	Session	Long		high	1.00	7	5	1483645082	93.3	2011-12-17	2011-12-26		LONG-SESSION:5	AIFF:5	session long long-session
The Fantom Drum Collection	Sample	Chops	TR-808	medium	0.48	1611	1064	96021996	8.8	2005-07-11	2009-09-26		CHOP:509, ONE-SHOT:415, DRUM-ONESHOT:140	WAV:1064	sample chops tr-808 chop one-shot drum-oneshot
Track Part Renders	Song	Masters	TR-808	high	0.97	44	32	1393916408	87.5	2009-02-07	2022-01-30	Kick, Bass, Crash, Hat, Snare, Tom	SONG:31, UNKNOWN:1	AIFF:31	song masters tr-808 kick bass crash hat snare tom unknown
Transelectronic Audio	Session	Long		medium	0.75	5	4	469466845	37.5	2004-11-24	2010-03-11		LONG-SESSION:3, SAMPLE-SHORT:1	AIFF:3, WAV-float32:1	session long long-session sample-short
Transelectronic Theory	Session	Long		medium	0.60	159	156	11327950058	1446.0	1999-01-19	2020-06-13	Melodic, Noise	LONG-SESSION:93, SONG?:50, SONG:5, UNKNOWN:2, SAMPLE:2, ONE-SHOT:2	AIFF:110, RAW-PCM:36, MP3:8	session long melodic noise long-session song unknown
Unreleased Tracks	Song	Masters		medium	0.57	25	14	1261507029	79.1	2009-02-27	2022-01-30		SONG:8, LONG-SESSION:4, UNKNOWN:1, SESSION-TAKE:1	AIFF:12	song masters long-session unknown session-take
Up The Sync ƒ	Song	Mixes		low	0.38	17	16	428399657	41.2	1998-08-09	2018-02-25	Hat	SONG?:6, ONE-SHOT:4, LONG-SESSION:3, SECTION-BED:2, DRUM-ONESHOT:1	AIFF:11, RAW-PCM:5	song mixes hat one-shot long-session section-bed
VDMforBattery3	Sample	Oneshots	TR-808	medium	0.46	2315	1517	331650331	28.1	2009-02-24	2022-01-30		ONE-SHOT:698, DRUM-ONESHOT:557, SAMPLE-SHORT:140, CHOP:97, SAMPLE:11, SECTION-BED:10	WAV:1468, RAW-PCM:46	sample oneshots tr-808 tr-909 linndrum-lm-1 e-mu-sp-12 one-shot drum-oneshot sample-short chop
Verb Edits	Sample	Beds		medium	0.58	24	12	189735914	11.7	2009-04-17	2010-08-10		SECTION-BED:7, SAMPLE:3, SONG?:2	AIFF:10, WAV:1, WAV-float32:1	sample beds section-bed song
Vocal Forge	Sample	Oneshots		high	0.98	826	826	2460155357	232.4	2005-08-16	2010-01-21	Vocal	ONE-SHOT:810, LOOP:8, UNKNOWN:4, LONG-SESSION:2, SAMPLE-SHORT:1, VOCAL:1	RAW-PCM:822	sample oneshots vocal one-shot loop unknown long-session
Vocals	Sample	Beds		low	0.33	18	12	108473073	14.9	2006-06-08	2010-03-11		SECTION-BED:4, SAMPLE-SHORT:3, SAMPLE:3, LONG-SESSION:1, SONG?:1	AIFF:8, MP3:4	sample beds section-bed sample-short long-session
VoxyBabe	Sample	Beds		high	0.86	22	14	160536248	10.1	2007-06-30	2007-06-30	Kick, Vocal	SECTION-BED:12, ONE-SHOT:1, VOCAL:1	AIFF:13, RAW-PCM:1	sample beds kick vocal section-bed one-shot
Weather Report	Sample	Chops		high	0.82	63	33	108927231	6.9	2009-11-30	2018-02-25		CHOP:27, SYNTH-STAB:3, SONG?:1, ONE-SHOT:1, SAMPLE:1	AIFF:33	sample chops chop synth-stab song one-shot
Weird Channels	Sample	Beds		high	0.86	13	7	48771819	3.0	2007-06-30	2010-01-10	Bass	SECTION-BED:6, ONE-SHOT:1	AIFF:6, RAW-PCM:1	sample beds bass section-bed one-shot
WelcomeBackParts	Sample	Beds		high	0.89	15	9	64898639	4.1	2007-06-30	2008-04-18		SECTION-BED:8, ONE-SHOT:1	AIFF:8, RAW-PCM:1	sample beds section-bed one-shot
Wizoo Electric Pianos	Sample	Oneshots		medium	0.49	408	408	32917713	6.1	2001-05-30	2001-06-11	Melodic	ONE-SHOT:199, SAMPLE-SHORT:121, CHOP:84, TONAL-HIT:4	WAV:248, RAW-PCM:160	sample oneshots melodic one-shot sample-short chop tonal-hit
Wizoo Electronic Toolkit	Sample	Chops	TR-808	medium	0.58	1303	1303	175390825	24.8	2000-03-25	2001-06-11	Hat Closed, Hat Open, Bass, Crash, Orchestral, Melodic	CHOP:755, ONE-SHOT:409, DRUM-ONESHOT:96, SAMPLE-SHORT:30, TONAL-HIT:12, FX:1	AIFF:576, WAV:441, RAW-PCM:286	sample chops tr-808 tr-909 moog-modular bass hat-closed hat-open crash melodic orchestral chop one-shot drum-oneshot sample-short
Wizoo Organs	Sample	Oneshots		high	0.70	70	70	18129485	1.7	2001-05-30	2001-06-11		SAMPLE-SHORT:49, ONE-SHOT:21	WAV:54, RAW-PCM:16	sample oneshots sample-short one-shot
Wizoo XXL Acoustic Piano	Sample	Oneshots		low	0.42	80	80	191360534	12.1	2001-06-08	2001-06-11	Melodic	SAMPLE-SHORT:34, SAMPLE:21, ONE-SHOT:20, SECTION-BED:4, TONAL-HIT:1	WAV:30, AIFF:29, RAW-PCM:21	sample oneshots melodic sample-short one-shot section-bed
Wizoo XXL Drums & Percussion	Sample	Chops		medium	0.50	440	439	246542011	15.6	1999-09-07	2009-09-05	Hat, Perc	CHOP:220, ONE-SHOT:118, SAMPLE-SHORT:77, SAMPLE:14, DRUM-HIT-LONG:5, DRUM-ONESHOT:4	AIFF:367, RAW-PCM:53, WAV:18, EMPTY:1	sample chops perc hat chop one-shot sample-short
XL-p_01	Sample	Chops		medium	0.57	222	145	21179709	1.3	2005-08-01	2010-06-12		CHOP:83, ONE-SHOT:62	AIFF:145	sample chops chop one-shot
XL-p_01 bits	Sample	Chops		medium	0.57	164	145	20917564	1.3	2005-08-01	2008-03-31		CHOP:83, ONE-SHOT:62	AIFF:145	sample chops chop one-shot
XL-p_04[tricky]	Sample	Chops		high	0.87	162	133	90637213	5.7	2005-08-01	2010-06-12		CHOP:116, ONE-SHOT:17	AIFF:133	sample chops chop one-shot
Yonkers Piano	Synth	Hits		low	0.20	79	69	590713881	39.0	2005-03-19	2009-09-07	Orchestral, Melodic	SYNTH-STAB:14, SAMPLE-SHORT:13, SECTION-BED:12, SAMPLE:12, ONE-SHOT:7, TONAL-HIT:4	AIFF:69, EMPTY:7	synth hits orchestral melodic synth-stab sample-short section-bed sample
[KB6]_EMU_SP-12	Drum	Machine	E-mu SP-12	high	0.94	65	32	1705266	0.3	2000-04-06	2010-02-18		DRUM-ONESHOT:30, CHOP:2	WAV:32	drum machine e-mu-sp-12 drum-oneshot chop
[KB6]_Keio_Checkmate	Sample	Chops		medium	0.60	14	10	426389	0.1	2004-04-06	2010-02-21		CHOP:6, ONE-SHOT:4	WAV:10	sample chops chop one-shot
[KB6]_Linn_LM-1	Drum	Hits		medium	0.53	24	19	719781	0.1	1996-01-19	2010-02-21	Tom, Shaker, Hat Closed, Clap, Conga, Crash, Hat Open, Ride	DRUM-ONESHOT:10, ONE-SHOT:8, SAMPLE-SHORT:1	WAV:19	drum hits shaker hat-closed clap conga crash tom hat-open ride tambourine drum-oneshot one-shot sample-short
[KB6]_Mattel_Electronics_Synsonics_DRM	Sample	Oneshots		high	1.00	15	7	1465055	0.3	2000-01-19	2010-11-26		SAMPLE-SHORT:7	WAV:7	sample oneshots sample-short
[KB6]_Moog_Modular55	Drum	Machine	Moog Modular	high	1.00	67	35	1607316	0.3	2008-12-12	2010-11-26		DRUM-ONESHOT:35	WAV:35	drum machine moog-modular drum-oneshot
[KB6]_Panasonic_RD-9844	Sample	Chops		medium	0.50	13	6	321947	0.1	2008-12-12	2010-02-18	Crash	CHOP:3, ONE-SHOT:2, DRUM-ONESHOT:1	WAV:6	sample chops crash chop one-shot drum-oneshot
[KB6]_Serge_Modular	Sample	Oneshots		high	1.00	16	8	107859	0.0	1999-02-16	2010-11-26		ONE-SHOT:8	WAV:8	sample oneshots one-shot
[KB6]_Simmons_SDS2000	Drum	Machine	Simmons SDS2000	high	0.98	75	41	2439121	0.4	2004-04-06	2010-02-21		DRUM-ONESHOT:40, UNKNOWN:1	WAV:40	drum machine simmons-sds2000 drum-oneshot unknown
[KB6]_Vermona_DRM1	Sample	Oneshots		high	0.97	81	40	1037336	0.2	2004-04-06	2010-02-18		ONE-SHOT:39, SAMPLE-SHORT:1	WAV:40	sample oneshots one-shot sample-short
a small outcropping projects +	Song	Mixes	NI Kontakt	low	0.22	461	413	3711856378	504.1	2003-12-06	2018-04-06	Bass, Snare, Hat, Clap, Clave	SONG?:91, ONE-SHOT:82, SAMPLE:64, SAMPLE-SHORT:53, DRUM-ONESHOT:39, SECTION-BED:35	RAW-PCM:235, WAV:140, AIFF:24, MP3:13	song mixes ni-kontakt snare hat bass clap clave one-shot sample sample-short
aardvark	Sample	Oneshots	NI Battery	medium	0.64	27	22	1579013	0.3	2001-09-04	2018-04-06	Bass	ONE-SHOT:14, SAMPLE-SHORT:5, UNKNOWN:1, DRUM-ONESHOT:1, SYNTH-STAB:1	AIFF:16, RAW-PCM:5	sample oneshots ni-battery bass one-shot sample-short unknown drum-oneshot
absynth	Sample	General	NI Absynth	low	0.29	58	38	114383561	12.4	2002-11-24	2011-03-19	Melodic, Bass, Hat	SAMPLE:11, SAMPLE-SHORT:10, SECTION-BED:7, DRUM-ONESHOT:4, LOOP:3, SYNTH-STAB:1	AIFF:34, RAW-PCM:3, WAV:1	sample general ni-absynth bass melodic hat sample-short section-bed drum-oneshot
access	Sample	Oneshots		medium	0.50	20	20	1579632	0.3	2007-05-13	2007-05-13		ONE-SHOT:10, CHOP:7, SAMPLE-SHORT:3	WAV:20	sample oneshots one-shot chop sample-short
acetone_rhythm_ace	Sample	Oneshots		medium	0.54	28	28	1162708	0.1	2008-01-09	2008-01-09	Clave, Cowbell, Crash, Hat Closed, Hat Open, Rim	ONE-SHOT:15, CHOP:7, DRUM-ONESHOT:6	WAV-float32:28	sample oneshots clave cowbell crash hat-closed hat-open rim one-shot chop drum-oneshot
acetone_rhythm_king	Drum	Hits		medium	0.60	10	10	1668080	0.1	2008-01-09	2008-01-09	Conga, Crash, Hat Closed, Hat Open, Kick, Snare	DRUM-ONESHOT:6, ONE-SHOT:4	WAV-float32:10	drum hits conga crash hat-closed hat-open kick snare drum-oneshot one-shot
acetone_rhythm_master	Drum	Hits		medium	0.50	14	14	2144720	0.2	2008-01-09	2008-01-09	Conga, Crash, Hat Closed, Hat Open, Kick, Rim, Snare	DRUM-ONESHOT:7, ONE-SHOT:7	WAV-float32:14	drum hits conga crash hat-closed hat-open kick rim snare drum-oneshot one-shot
acoustic drums	Drum	Acoustic		medium	0.69	27	26	5053343	0.7	2004-01-15	2008-04-25	Hat, Snare, Ride, Kick, Tom, Clap, Stick, Hat Open	DRUM-ONESHOT:18, DRUM-HIT-LONG:4, ONE-SHOT:2, SAMPLE:1, SAMPLE-SHORT:1	AIFF:25, RAW-PCM:1	drum acoustic snare kick ride hat tom stick hat-open clap drum-oneshot drum-hit-long one-shot sample
ajk_percusyn	Drum	Hits		medium	0.60	10	10	1572784	0.1	2008-01-09	2008-01-09	Conga, Tom	DRUM-ONESHOT:6, ONE-SHOT:4	WAV-float32:10	drum hits conga tom drum-oneshot one-shot
akai	Drum	Machine	Akai	high	0.94	116	113	11551750	1.0	2008-01-09	2011-03-03	Kick, Tom, Hat, Snare, Cowbell, Crash, Ride, Clap	DRUM-ONESHOT:106, SAMPLE-SHORT:5, UNKNOWN:1, DRUM-HIT-LONG:1	WAV-float32:111, WAV:1	drum machine akai tr-808 clap cowbell crash hat kick ride rim snare tom drum-oneshot sample-short unknown drum-hit-long
alesis	Drum	Machine	Alesis	high	0.90	815	789	82237793	7.3	1996-11-29	2009-11-21	Snare, Kick, Hat, Tom, Conga, Shaker, Rim, Cowbell	DRUM-ONESHOT:711, CHOP:42, SAMPLE-SHORT:35, FX:1	WAV-float32:754, WAV:35	drum machine alesis clap conga cowbell hat kick rim shaker snare tom clave crash ride stick hat-closed tambourine drum-oneshot chop sample-short fx
amens	Sample	Oneshots		high	0.70	81	80	5124168	0.7	2001-10-09	2002-04-21		ONE-SHOT:56, CHOP:17, SAMPLE-SHORT:7	RAW-PCM:54, AIFF:26	sample oneshots one-shot chop sample-short
analog drums and waves	Sample	Oneshots	E-mu Drumulator	medium	0.54	57	35	1934387	0.4	1995-12-06	2010-02-04	Cowbell, Clap, Ride, Hat, Orchestral, Snare, Kick	ONE-SHOT:19, DRUM-ONESHOT:9, SAMPLE-SHORT:4, CHOP:1, SYNTH-STAB:1, DRUM-HIT-LONG:1	AIFF:31, RAW-PCM:3, EMPTY:1, MP3:1	sample oneshots tr-808 e-mu-drumulator cowbell clap ride hat orchestral snare kick one-shot drum-oneshot sample-short chop
april cage chops	Sample	Chops		low	0.27	74	62	395475770	25.2	2011-04-02	2011-04-10		CHOP:17, SAMPLE:15, SAMPLE-SHORT:13, SONG?:7, ONE-SHOT:6, SECTION-BED:4	AIFF:56, RAW-PCM:6	sample chops chop sample-short song
april_cage_bits	Sample	Chops		medium	0.64	180	180	36680166	2.3	2011-04-02	2011-04-05		CHOP:115, ONE-SHOT:64, UNKNOWN:1	AIFF:179	sample chops chop one-shot unknown
april_miller	Sample	Oneshots		medium	0.60	20	20	289326708	18.2	2011-04-16	2011-04-19	Bass	ONE-SHOT:12, SAMPLE-SHORT:5, SONG?:1, TONAL-HIT:1, LONG-SESSION:1	AIFF:20	sample oneshots bass one-shot sample-short song tonal-hit
april_mp_bits	Sample	Chops		high	0.99	355	355	20716112	2.6	2011-04-02	2011-04-02		CHOP:350, ONE-SHOT:5	AIFF:355	sample chops chop one-shot
april_nonesuch	Sample	General		low	0.43	33	23	239193758	15.4	2011-04-04	2011-04-13		SAMPLE:10, SAMPLE-SHORT:6, SECTION-BED:3, SONG?:3, ONE-SHOT:1	AIFF:19, RAW-PCM:4	sample general sample-short section-bed song
april_nonesuch_edits	Sample	Oneshots		medium	0.55	224	224	28968230	1.8	2011-04-05	2011-04-05		ONE-SHOT:123, CHOP:101	AIFF:224	sample oneshots one-shot chop
april_numan	Sample	General		medium	0.56	14	9	95557619	6.3	2011-04-04	2011-04-13		SAMPLE:5, SAMPLE-SHORT:2, SONG?:1, PAD-BED:1	AIFF:5, RAW-PCM:4	sample general sample-short song pad-bed
april_numan_bits	Sample	Chops		medium	0.56	99	62	7851563	0.5	2011-04-05	2012-12-05		CHOP:35, ONE-SHOT:27	AIFF:62	sample chops chop one-shot
april_rehaish	Song	Mixes		medium	0.50	2	2	44070724	2.8	2011-04-04	2011-04-04	Bass	SONG?:1, PAD-BED:1	AIFF:2	song mixes bass pad-bed
april_rnd_bits	Sample	Chops		high	0.94	20	16	10297880	0.6	2011-04-05	2011-04-13		CHOP:15, ONE-SHOT:1	AIFF:16	sample chops chop one-shot
april_shankar	Sample	General		medium	0.50	38	22	58552934	3.8	2011-04-07	2012-05-25		SAMPLE:11, SAMPLE-SHORT:10, SECTION-BED:1	AIFF:19, RAW-PCM:3	sample general sample-short section-bed
april_shankar_bits	Sample	Chops		high	0.71	81	79	11522704	0.7	2011-04-07	2012-05-25		CHOP:56, ONE-SHOT:23	AIFF:79	sample chops chop one-shot
artmatik'd	Sample	Oneshots		medium	1.00	2	2	1769472	0.2	2002-11-11	2002-11-11		SAMPLE-SHORT:2	RAW-PCM:2	sample oneshots sample-short
asperatone	Sample	Oneshots		low	0.44	67	54	73572573	7.4	2002-04-08	2018-04-06		SAMPLE-SHORT:24, ONE-SHOT:14, SAMPLE:6, CHOP:4, UNKNOWN:2, SONG?:2	AIFF:49, RAW-PCM:3	sample oneshots sample-short one-shot chop
atman - finals	Song	Masters		high	1.00	27	14	1429697501	89.7	2008-05-10	2010-08-27	Noise	SONG:14	AIFF:13	song masters noise
atman finals	Song	Masters		high	1.00	21	11	1326187292	65.7	2010-03-17	2011-01-05	Noise	SONG:11	WAV-float32:9, AIFF:1	song masters noise
atman_24bit_masters	Song	Masters		high	0.83	17	12	1046618539	65.8	2010-06-22	2012-12-03	Noise	SONG:10, UNKNOWN:1, SAMPLE-SHORT:1	WAV:10, RAW-PCM:1	song masters noise unknown sample-short
aug 95	Sample	Oneshots		medium	0.45	93	42	22103695	3.0	1995-08-21	2013-03-07	Hat, Kick, Bass	SAMPLE-SHORT:19, ONE-SHOT:15, DRUM-ONESHOT:5, TONAL-HIT:1, SAMPLE:1, SECTION-BED:1	AIFF:40, RAW-PCM:2	sample oneshots bass kick hat sample-short one-shot drum-oneshot tonal-hit
august percussion	Sample	Oneshots		low	0.25	46	28	171444455	17.7	2004-08-28	2009-09-07		SAMPLE-SHORT:7, SECTION-BED:7, ONE-SHOT:6, SAMPLE:5, SONG?:3	AIFF:24, RAW-PCM:4	sample oneshots sample-short section-bed one-shot
b-rakin Sounds	Song	Mixes		low	0.43	14	7	145375238	14.7	2003-07-25	2011-10-22		SONG?:3, SECTION-BED:2, ONE-SHOT:1, LONG-SESSION:1	AIFF:7	song mixes section-bed one-shot long-session
b_bits_1	Sample	Oneshots		high	0.92	220	203	6309357	0.4	2012-04-18	2012-05-07		ONE-SHOT:187, CHOP:16	AIFF:203	sample oneshots one-shot chop
basement piano	Synth	Hits		low	0.35	65	40	234413822	22.4	2004-01-19	2011-10-22	Melodic	SYNTH-STAB:14, SAMPLE:11, SECTION-BED:5, SAMPLE-SHORT:3, ONE-SHOT:2, CHOP:2	AIFF:39, RAW-PCM:1	synth hits melodic synth-stab sample section-bed sample-short
bassyHits	Sample	Chops		high	0.80	7	5	453843	0.0	2002-04-22	2009-09-05		CHOP:4, UNKNOWN:1	AIFF:4	sample chops chop unknown
bauhaus - hollow hills fldr	Sample	Oneshots		low	0.22	101	54	185845299	27.4	2000-06-06	2013-03-07		ONE-SHOT:12, SAMPLE:11, SECTION-BED:10, SAMPLE-SHORT:10, CHOP:5, SONG?:4	RAW-PCM:36, AIFF:14, MP3:3	sample oneshots one-shot section-bed sample-short
beat	Sample	Loops		high	0.83	148	146	6794394	0.4	2012-04-18	2012-05-07		LOOP:121, CHOP:25	AIFF:146	sample loops loop chop
beats	Sample	Oneshots		low	0.44	35	18	2213063	0.4	2001-07-31	2002-04-04		SAMPLE-SHORT:8, CHOP:5, LOOP:3, ONE-SHOT:2	AIFF:18	sample oneshots sample-short chop loop one-shot
bed end	Sample	Pads		medium	0.57	56	49	177240838	17.3	2002-08-26	2018-04-06	Bass	PAD-BED:28, SAMPLE-SHORT:12, LOOP:3, UNKNOWN:2, TONAL-HIT:2, ONE-SHOT:2	RAW-PCM:35, AIFF:11, MP3:1	sample pads bass pad-bed sample-short loop unknown
bent_toms	Sample	Chops		high	1.00	110	110	64643528	4.1	2011-03-08	2011-03-08		CHOP:110	AIFF:110	sample chops chop
bidule records	Session	Long		low	0.44	22	18	1395795364	87.9	2004-10-07	2009-09-06		LONG-SESSION:8, SONG?:5, SECTION-BED:3, UNKNOWN:1, CHOP:1	AIFF:17	session long long-session song section-bed unknown
big_N_hairy	Song	Mixes		high	1.00	8	5	111642715	10.3	2001-04-19	2010-03-16		SONG?:5	RAW-PCM:5	song mixes
bit 'o honey	Sample	Oneshots		medium	0.62	80	74	7527626	0.7	2001-09-28	2010-03-16		ONE-SHOT:46, CHOP:28	RAW-PCM:74	sample oneshots one-shot chop
blackpipe	Session	Long		high	0.80	7	5	583184904	36.7	2010-02-25	2011-04-19		LONG-SESSION:4, UNKNOWN:1	AIFF:4	session long long-session unknown
blue velvet	Sample	Oneshots		low	0.39	143	67	86381366	8.9	1993-06-01	2013-03-07	Kick, Hat, Orchestral, Ride, Noise, Perc	SAMPLE-SHORT:26, SAMPLE:17, ONE-SHOT:6, LOOP:5, CHOP:5, SECTION-BED:2	AIFF:67	sample oneshots kick hat orchestral ride noise perc sample-short one-shot loop
boss	Sample	Oneshots		medium	0.52	851	701	66245438	5.5	2008-01-09	2012-03-09	Crash, Hat, Clap, Snare, Ride, Kick	ONE-SHOT:365, CHOP:315, DRUM-ONESHOT:12, SAMPLE-SHORT:9	WAV-float32:701	sample oneshots clap crash ride hat kick snare one-shot chop drum-oneshot sample-short
break, stretch & reassemble	Sample	Loops		high	0.80	102	75	377577554	36.0	2001-09-04	2018-04-05	Rim, Shaker, Kick	LOOP:60, SONG?:9, DRUM-ONESHOT:3, PAD-BED:2, FX:1	AIFF:71, RAW-PCM:3	sample loops rim shaker kick loop song drum-oneshot pad-bed
bright lights big city	Session	Long		medium	0.61	23	18	1864563237	158.8	2008-12-24	2010-04-02		LONG-SESSION:11, SONG:5, UNKNOWN:1, SONG?:1	AIFF:11, WAV:2, RAW-PCM:2, MP3:2	session long long-session song unknown
brutal esdits	Sample	Oneshots		high	0.88	428	412	9386032	1.2	2004-01-06	2006-03-02		ONE-SHOT:364, CHOP:48	AIFF:412	sample oneshots one-shot chop
bubbles	Song	Mixes		medium	0.50	4	4	41521706	7.6	1995-08-14	1995-10-30		SONG?:2, SECTION-BED:2	AIFF:4	song mixes section-bed
buchla_modular_system200	Sample	Chops		medium	0.75	8	4	449724	0.0	2008-01-09	2012-03-09	Perc	CHOP:3, DRUM-ONESHOT:1	WAV-float32:4	sample chops perc chop drum-oneshot
carbon_framework 6 Project	Sample	General		low	0.42	50	50	81620394	8.1	2004-01-24	2008-04-26		SAMPLE:21, ONE-SHOT:15, SAMPLE-SHORT:8, CHOP:3, SECTION-BED:3	RAW-PCM:34, WAV:14, AIFF:2	sample general one-shot sample-short chop
carbon_framework Projects	Sample	Oneshots		low	0.24	150	132	707493920	161.4	2003-01-10	2005-02-18	Vocal	SAMPLE-SHORT:32, ONE-SHOT:23, SAMPLE:22, CHOP:16, SONG?:14, SECTION-BED:11	WAV:52, RAW-PCM:41, AIFF:30, MP3:9	sample oneshots vocal sample-short one-shot chop
casio	Sample	Oneshots		medium	0.50	124	123	8502266	1.4	2008-01-09	2009-11-21	Tom, Snare, Kick, Hat Closed, Hat Open, Hat, Crash, Clave	ONE-SHOT:62, CHOP:40, DRUM-ONESHOT:20, FX:1	WAV:76, WAV-float32:47	sample oneshots crash hat-closed hat-open kick snare clave tom hat one-shot chop drum-oneshot fx
casio rz1	Sample	Oneshots		medium	0.65	52	34	1207258	0.1	1998-09-24	2010-02-21	Tom, Crash, Hat, Snare, Clap, Kick, Stick	ONE-SHOT:22, DRUM-ONESHOT:12	AIFF:17, WAV:17	sample oneshots clap crash hat kick snare stick tom one-shot drum-oneshot
cd_01_mixed Project	Unsorted	Mixed		medium	0.50	5	4	130782	0.0	2007-10-17	2011-08-26		UNKNOWN:2, ONE-SHOT:2	RAW-PCM:2, EMPTY:1	unsorted mixed unknown one-shot
chaka kahn	Sample	Oneshots		high	0.70	118	117	37942589	3.6	2001-09-28	2010-03-16		ONE-SHOT:82, CHOP:33, SAMPLE-SHORT:1, SONG?:1	RAW-PCM:117	sample oneshots one-shot chop sample-short song
cheetah_md16	Sample	Oneshots		medium	0.62	129	128	7828084	0.7	2008-01-09	2009-07-18		ONE-SHOT:79, CHOP:49	WAV-float32:128	sample oneshots one-shot chop
chet piano	Sample	Chops		medium	0.48	35	25	5334134	1.0	2001-08-30	2010-03-14	Melodic	CHOP:12, TONAL-HIT:10, ONE-SHOT:1, SAMPLE:1, SECTION-BED:1	AIFF:25	sample chops melodic chop tonal-hit one-shot
chopper	Sample	Oneshots		medium	0.57	41	21	692275	0.1	2001-09-06	2010-03-14		ONE-SHOT:12, CHOP:9	AIFF:20, RAW-PCM:1	sample oneshots one-shot chop
clank - clunk - thud	Synth	Hits		high	0.96	24	24	2019258	0.2	2000-10-30	2018-04-05		SYNTH-STAB:23, UNKNOWN:1	AIFF:23	synth hits synth-stab unknown
clarkness	Sample	Oneshots		low	0.43	67	37	5836713	1.1	1995-10-05	2013-03-07	Kick, Noise, Hat Open, Hat	SAMPLE-SHORT:16, ONE-SHOT:11, DRUM-ONESHOT:7, TONAL-HIT:1, SAMPLE:1, LOOP:1	AIFF:37, EMPTY:1	sample oneshots kick noise hat-open hat sample-short one-shot drum-oneshot tonal-hit
clips for posting	Sample	Beds		medium	0.50	20	10	75754370	4.7	2009-02-11	2010-04-02		SECTION-BED:5, SAMPLE:5	AIFF:10	sample beds section-bed
computer show	Sample	Oneshots		medium	0.45	27	11	2736893	0.5	1995-09-30	2013-03-07		ONE-SHOT:5, LOOP:3, SAMPLE:2, SAMPLE-SHORT:1	RAW-PCM:6, AIFF:5, EMPTY:1	sample oneshots one-shot loop sample-short
concertmate	Sample	Oneshots		medium	0.67	5	3	431264	0.0	2008-01-09	2009-10-19	Snare	ONE-SHOT:2, DRUM-ONESHOT:1	WAV-float32:3	sample oneshots snare one-shot drum-oneshot
construct_11	Sample	Oneshots		low	0.33	8	6	7331695	1.2	2000-08-22	2018-04-05		ONE-SHOT:2, SAMPLE:2, UNKNOWN:1, SECTION-BED:1	RAW-PCM:3, AIFF:2	sample oneshots one-shot unknown section-bed
construct_16 source files	Sample	Beds		low	0.33	24	12	108755000	10.4	2000-09-10	2013-03-07		SECTION-BED:4, SONG?:3, SAMPLE:2, SAMPLE-SHORT:2, ONE-SHOT:1	AIFF:12	sample beds section-bed song sample-short
coron_drum_synce_ds7	Sample	Chops		high	0.88	8	8	2228504	0.2	2008-01-09	2008-01-09		CHOP:7, SAMPLE-SHORT:1	WAV-float32:8	sample chops chop sample-short
cosmic man	Sample	Oneshots		medium	0.47	174	77	23928871	4.3	1995-06-07	2018-02-06	Bass, Hat Open, Melodic, Orchestral	SAMPLE-SHORT:36, ONE-SHOT:21, CHOP:5, SAMPLE:5, UNKNOWN:3, TONAL-HIT:3	AIFF:75, EMPTY:2, RAW-PCM:1	sample oneshots melodic bass hat-open orchestral sample-short one-shot chop
ddm-110	Drum	Hits		medium	0.67	16	9	197754	0.0	1998-03-22	2009-10-07	Kick, Hat Closed, Clap, Hat Open, Rim, Snare	DRUM-ONESHOT:6, ONE-SHOT:3	WAV:9	drum hits kick hat-closed clap hat-open rim snare drum-oneshot one-shot
dec 2004 sound design	Sample	Oneshots		low	0.43	40	21	186428912	13.1	2004-12-21	2008-12-17		SAMPLE-SHORT:9, ONE-SHOT:4, SONG?:3, SECTION-BED:3, SAMPLE:2	AIFF:21	sample oneshots sample-short one-shot song section-bed
deepsky	Sample	Chops	TR-909	medium	0.59	29	27	2992974	0.3	2008-01-09	2008-12-10		CHOP:16, ONE-SHOT:6, DRUM-ONESHOT:4, SAMPLE-SHORT:1	WAV-float32:27	sample chops tr-909 chop one-shot drum-oneshot sample-short
df_bits	Sample	Chops		medium	0.53	435	280	40212639	2.5	2012-04-18	2012-04-20		CHOP:149, ONE-SHOT:130, UNKNOWN:1	AIFF:279	sample chops chop one-shot unknown
diaspora [cd 1]	Session	Long		medium	0.64	27	14	1337651884	82.6	2007-10-16	2017-11-14		LONG-SESSION:9, SONG?:4, UNKNOWN:1	AIFF:13	session long long-session song unknown
diaspora [cd 2]	Session	Long		medium	0.57	13	7	602395535	37.4	2007-10-16	2017-11-14		LONG-SESSION:4, UNKNOWN:1, SONG?:1, SECTION-BED:1	AIFF:6	session long long-session unknown song section-bed
disk 2 vox loops & noise	Sample	Oneshots		medium	0.53	36	17	9757512	1.2	1995-11-12	2013-03-07		SAMPLE-SHORT:9, ONE-SHOT:4, CHOP:2, SAMPLE:1, SECTION-BED:1	AIFF:12, RAW-PCM:5, EMPTY:1	sample oneshots sample-short one-shot chop
dmx_tape	Sample	Chops		high	1.00	78	39	25022589	1.6	2011-03-08	2011-03-30		CHOP:39	AIFF:39	sample chops chop
dpm_48	Sample	Oneshots		medium	0.64	23	22	1565076	0.1	2008-01-09	2008-10-12	Clap, Crash, Rim	ONE-SHOT:14, CHOP:5, DRUM-ONESHOT:3	WAV-float32:22	sample oneshots clap crash rim one-shot chop drum-oneshot
dr110	Drum	Hits		high	0.83	12	6	728118	0.2	2003-02-07	2005-05-30	Hat, Clap, Crash, Kick, Snare	DRUM-ONESHOT:5, DRUM-HIT-LONG:1	RAW-PCM:4, MP3:2	drum hits clap hat crash kick snare drum-oneshot drum-hit-long
dr55	Drum	Hits		medium	1.00	7	4	56031	0.0	2003-02-03	2008-08-30	Hat, Kick, Rim, Snare	DRUM-ONESHOT:4	RAW-PCM:2, MP3:2	drum hits hat kick rim snare drum-oneshot
drm hits edits	Sample	Chops		high	0.98	138	82	72490149	4.5	2005-07-16	2010-06-13		CHOP:80, ONE-SHOT:1, SAMPLE:1	AIFF:82	sample chops chop one-shot
drm hts edts 02	Sample	Chops		high	0.90	92	51	58863287	3.7	2005-07-17	2010-06-13		CHOP:46, ONE-SHOT:4, SECTION-BED:1	AIFF:50, RAW-PCM:1	sample chops chop one-shot section-bed
droney	Sample	General		low	0.29	14	7	8076350	0.7	2001-09-06	2003-08-13		SAMPLE:2, SAMPLE-SHORT:2, ONE-SHOT:1, PAD-BED:1, LOOP:1	AIFF:7	sample general sample-short one-shot pad-bed
drums and pads	Sample	Oneshots		medium	0.55	25	11	1197759	0.2	1996-01-08	2013-03-07		SAMPLE-SHORT:6, ONE-SHOT:5	AIFF:7, RAW-PCM:4, EMPTY:3	sample oneshots sample-short one-shot
drums vox & synth	Sample	Oneshots	Korg	medium	0.48	24	21	2398598	0.3	1996-01-08	1996-12-17	Melodic, Tambourine, Noise, Crash	ONE-SHOT:10, SAMPLE-SHORT:5, DRUM-ONESHOT:4, TONAL-HIT:2	AIFF:11, RAW-PCM:10, EMPTY:1	sample oneshots korg tr-505 melodic tambourine noise crash one-shot sample-short drum-oneshot tonal-hit
e2.proc bits	Sample	Oneshots		high	0.95	102	91	1747051	0.2	2007-11-29	2009-09-06		ONE-SHOT:86, CHOP:4, UNKNOWN:1	AIFF:90	sample oneshots one-shot chop unknown
e_beat_bits	Sample	Oneshots		high	0.79	585	529	29835392	1.9	2012-04-18	2012-05-07		ONE-SHOT:416, CHOP:113	AIFF:529	sample oneshots one-shot chop
edits	Drum	Hits		low	0.21	86	63	446831193	29.0	1995-08-07	2009-09-13	Kick, Bass, Snare, Hat, Noise, Crash	DRUM-ONESHOT:13, SAMPLE-SHORT:12, ONE-SHOT:9, SECTION-BED:8, CHOP:7, LOOP:5	AIFF:62, RAW-PCM:1	drum hits bass kick crash snare hat noise drum-oneshot sample-short one-shot section-bed
edits  & processed	Sample	Chops		medium	0.48	224	180	146093928	13.8	2004-01-15	2009-09-05	Bass	CHOP:87, ONE-SHOT:67, SAMPLE:7, PAD-BED:6, SECTION-BED:5, SAMPLE-SHORT:5	AIFF:175, RAW-PCM:5	sample chops bass chop one-shot pad-bed
edits_09.13.07	Sample	Oneshots		low	0.29	14	7	137648143	8.9	2007-09-13	2008-04-24		ONE-SHOT:2, SAMPLE:2, SECTION-BED:2, LONG-SESSION:1	AIFF:7	sample oneshots one-shot section-bed long-session
eko_rhythm_box	Drum	Hits		medium	0.62	13	13	1858792	0.2	2008-01-09	2008-01-09	Conga, Clave, Hat Closed, Hat Open, Hat, Kick, Snare	DRUM-ONESHOT:8, ONE-SHOT:4, FX:1	WAV-float32:13	drum hits clave conga hat-closed hat-open hat kick snare drum-oneshot one-shot fx
electra	Sample	Chops		medium	0.75	10	4	5018416	0.9	1997-04-13	2009-12-11		CHOP:3, SECTION-BED:1	AIFF:4	sample chops chop section-bed
electro_harmonix	Sample	Oneshots		low	0.42	71	71	10330910	0.9	2008-01-09	2008-01-09	Hat, Kick, Snare, Clap, Crash, Hat Closed, Rim, Tom	ONE-SHOT:30, CHOP:26, DRUM-ONESHOT:12, FX:2, UNKNOWN:1	WAV-float32:70	sample oneshots hat kick snare clap crash hat-closed rim tom one-shot chop drum-oneshot fx
elektron	Sample	Oneshots		medium	0.65	44	34	2894528	0.3	2007-05-28	2011-03-03	Crash, Ride	ONE-SHOT:22, CHOP:7, SAMPLE-SHORT:2, DRUM-ONESHOT:2, UNKNOWN:1	WAV:33	sample oneshots crash ride one-shot chop sample-short drum-oneshot
ems_vcs3	Sample	FX		high	1.00	6	6	5202864	1.0	2008-01-09	2008-01-09		FX:6	AIFF:6	sample fx
emu	Drum	Machine	E-mu	high	0.92	85	84	7665506	0.7	2008-01-09	2011-03-03	Tom, Snare, Kick, Hat, Clap, Ride, Rim	DRUM-ONESHOT:77, SAMPLE-SHORT:5, UNKNOWN:2	WAV-float32:82	drum machine e-mu clap tom kick ride snare hat rim drum-oneshot sample-short unknown
ensoniq_asr-x	Unsorted	Empty		low	0.00	1	0	3200	0.0	2008-01-09	2008-01-09				unsorted empty
ensteinium bits	Sample	Oneshots		high	0.98	334	225	3211448	0.3	2007-12-02	2009-09-27		ONE-SHOT:220, CHOP:5	AIFF:225	sample oneshots one-shot chop
entrpy bits	Sample	Oneshots		low	0.27	55	55	180646980	21.9	2000-09-18	2000-09-27	Bass	SAMPLE-SHORT:15, SAMPLE:12, SECTION-BED:9, ONE-SHOT:8, SONG?:4, LOOP:4	AIFF:43, RAW-PCM:10, MP3:2	sample oneshots bass sample-short section-bed one-shot
eric_b	Sample	Oneshots		low	0.40	28	15	9858095	1.1	2004-01-22	2009-09-05		SAMPLE-SHORT:6, ONE-SHOT:3, CHOP:3, LOOP:2, SAMPLE:1	AIFF:15	sample oneshots sample-short one-shot chop loop
esd	Sample	Chops		low	0.23	213	200	544573781	78.3	2001-08-24	2010-03-16	Melodic, Bass, Hat Closed, Vocal	CHOP:46, SAMPLE-SHORT:42, ONE-SHOT:36, SECTION-BED:25, SAMPLE:23, SONG?:7	AIFF:178, RAW-PCM:21	sample chops hat-closed melodic bass vocal chop sample-short one-shot section-bed
esd sound files	Sample	Chops		medium	0.52	21	21	51778778	4.9	2001-04-17	2010-03-16		CHOP:11, SAMPLE-SHORT:6, SAMPLE:2, UNKNOWN:1, SONG?:1	RAW-PCM:20	sample chops chop sample-short unknown
etherpad edits	Sample	Chops		high	0.94	26	17	49558103	4.0	2007-11-29	2010-02-04		CHOP:16, SECTION-BED:1	AIFF:17	sample chops chop section-bed
exploratory	Sample	Chops		high	0.81	85	43	33193746	2.0	2007-12-02	2010-02-21	Vocal	CHOP:35, SAMPLE-SHORT:3, ONE-SHOT:2, UNKNOWN:1, VOCAL:1, SAMPLE:1	AIFF:42	sample chops vocal chop sample-short one-shot unknown
exploratory takes	Session	Takes		medium	0.57	9	7	211113570	12.7	2007-12-02	2009-09-30		SESSION-TAKE:4, SECTION-BED:1, SAMPLE:1, SAMPLE-SHORT:1	WAV:4, AIFF:2, MP3:1	session takes session-take section-bed sample sample-short
extractions	Song	Mixes		medium	0.62	23	13	613781724	38.5	2004-10-16	2009-12-11		SONG?:8, SAMPLE:3, UNKNOWN:1, LONG-SESSION:1	AIFF:12	song mixes sample unknown long-session
fairlight_IIx	Sample	Oneshots		medium	0.68	71	69	4848760	0.4	2008-01-09	2009-10-19	Clap, Shaker, Clave, Conga, Tom, Rim, Snare, Stick	ONE-SHOT:47, CHOP:11, DRUM-ONESHOT:9, SAMPLE-SHORT:2	WAV-float32:69	sample oneshots shaker clap clave conga tom rim snare stick one-shot chop drum-oneshot sample-short
fall 2012	Sample	FX		high	0.97	120	60	244232148	15.1	2012-09-08	2025-04-18	Orchestral	FX:58, SONG?:1, LONG-SESSION:1	AIFF:60	sample fx orchestral song long-session
far side of hope	Sample	General		low	0.20	68	49	933370436	94.5	2004-07-19	2011-10-22		SAMPLE:10, SAMPLE-SHORT:9, LONG-SESSION:7, CHOP:6, SECTION-BED:6, SONG?:5	AIFF:37, RAW-PCM:10, EMPTY:1, WAV:1	sample general sample-short long-session chop
farfisa	Drum	Hits		high	0.86	7	7	1000888	0.1	2008-01-09	2008-01-09	Clave, Conga, Hat Closed, Hat Open, Kick, Snare	DRUM-ONESHOT:6, ONE-SHOT:1	WAV-float32:7	drum hits clave conga hat-closed hat-open kick snare drum-oneshot one-shot
fb_autoedit	Sample	Chops		high	0.84	198	188	75602796	4.8	2011-03-13	2012-05-25		CHOP:158, ONE-SHOT:29, SAMPLE:1	AIFF:188	sample chops chop one-shot
filter	Sample	Oneshots	TR-909	medium	0.45	11	11	21635813	1.1	2011-05-09	2011-05-09	Snare, Orchestral, Clap	SAMPLE-SHORT:5, DRUM-HIT-LONG:2, UNKNOWN:1, TONAL-HIT:1, ONE-SHOT:1, SAMPLE:1	WAV-float32:7, RAW-PCM:2, AIFF:1	sample oneshots tr-909 snare orchestral clap sample-short drum-hit-long unknown tonal-hit
fixed & named	Sample	Oneshots	TR-808	medium	0.46	97	61	9589623	1.8	2001-10-01	2010-03-18	Kick, Clap, Hat, Bass, Ride	ONE-SHOT:28, DRUM-ONESHOT:17, CHOP:8, SAMPLE-SHORT:4, UNKNOWN:1, SECTION-BED:1	AIFF:48, RAW-PCM:12	sample oneshots tr-808 clap hat kick bass ride one-shot drum-oneshot chop sample-short
"for""from live"	Sample	Oneshots		low	0.38	56	29	12811851	1.4	2001-07-31	2018-04-06		SAMPLE-SHORT:11, LOOP:5, CHOP:5, ONE-SHOT:4, PAD-BED:2, UNKNOWN:1	AIFF:27, RAW-PCM:1	sample oneshots sample-short loop chop one-shot
forLive	Sample	Oneshots		low	0.45	70	47	21272641	3.4	2002-04-04	2003-03-11	Melodic	ONE-SHOT:21, SAMPLE-SHORT:16, SAMPLE:4, SYNTH-STAB:2, SECTION-BED:2, LOOP:1	AIFF:42, RAW-PCM:3, WAV:2	sample oneshots melodic one-shot sample-short synth-stab
for_modyfer_2_track_masters	Song	Masters		high	0.95	20	19	1831095645	125.0	2008-05-09	2009-04-07		SONG:18, UNKNOWN:1	AIFF:17, RAW-PCM:1	song masters unknown
fricke_mfb512	Drum	Hits		high	1.00	9	9	1144032	0.1	2008-01-09	2008-01-09	Tom, Hat, Clap, Crash, Kick, Snare	DRUM-ONESHOT:9	WAV-float32:9	drum hits clap crash hat kick snare tom drum-oneshot
frike_mfb502	Drum	Hits		high	1.00	14	14	1741040	0.2	2008-01-09	2008-01-09	Snare, Tom, Clap, Hat, Kick	DRUM-ONESHOT:14	WAV-float32:14	drum hits clap hat kick snare tom drum-oneshot
from  clickity	Sample	Oneshots		high	0.94	19	17	650504	0.1	2002-07-05	2010-03-30		ONE-SHOT:16, SAMPLE-SHORT:1	AIFF:16, RAW-PCM:1	sample oneshots one-shot sample-short
from moonless	Sample	Oneshots		high	1.00	12	9	57009	0.0	2002-07-05	2005-05-25		ONE-SHOT:9	AIFF:8, RAW-PCM:1	sample oneshots one-shot
from stepped	Sample	Oneshots		high	0.71	14	14	1303426	0.1	2002-07-05	2018-04-06		ONE-SHOT:10, SAMPLE-SHORT:2, UNKNOWN:1, SYNTH-STAB:1	AIFF:13	sample oneshots one-shot sample-short unknown synth-stab
fscape processes	Unsorted	Mixed		medium	1.00	2	2	164	0.0	2004-09-20	2004-09-20		UNKNOWN:2	AIFF:2	unsorted mixed unknown
fst_p_05	Sample	Chops		medium	0.70	242	237	55778816	3.5	2005-08-01	2009-09-27		CHOP:165, ONE-SHOT:72	AIFF:237	sample chops chop one-shot
fst_p_05 bits	Sample	Chops		medium	0.69	253	238	55835858	3.5	2005-08-01	2009-09-27		CHOP:165, ONE-SHOT:72, UNKNOWN:1	AIFF:237	sample chops chop one-shot unknown
funky ass drums	Sample	Chops		medium	0.57	95	77	18694808	1.8	1995-01-05	2010-12-10	Ride	CHOP:44, ONE-SHOT:29, SAMPLE:2, DRUM-ONESHOT:2	RAW-PCM:75, AIFF:2	sample chops ride chop one-shot drum-oneshot
game sounds	Sample	Oneshots		medium	0.67	24	12	495566	0.3	1997-04-14	2010-12-10		ONE-SHOT:8, SAMPLE-SHORT:4	AIFF:12	sample oneshots one-shot sample-short
granular percussion	Sample	Oneshots		high	0.70	55	50	14814783	1.5	2001-09-04	2010-03-18	Rim, Bass	ONE-SHOT:35, LOOP:4, SYNTH-STAB:3, SAMPLE-SHORT:3, DRUM-ONESHOT:2, UNKNOWN:1	AIFF:35, RAW-PCM:14	sample oneshots bass rim one-shot loop synth-stab sample-short
gravel_parts	Sample	General	TR-808	high	1.00	34	17	105289728	6.6	2007-08-26	2007-09-08	Kick, Snare, Rim, Melodic, Tom, Clap	SAMPLE:17	AIFF:17	sample general tr-808 kick snare rim melodic tom clap
gray matter	Sample	Oneshots		low	0.38	26	13	16610682	4.3	1995-05-29	2010-02-21		SAMPLE-SHORT:5, SECTION-BED:4, SAMPLE:2, ONE-SHOT:1, LOOP:1	AIFF:12, RAW-PCM:1, EMPTY:1	sample oneshots sample-short section-bed one-shot
greenJolt	Sample	Oneshots		high	0.88	55	49	2229915	0.2	2002-02-19	2010-03-30		ONE-SHOT:43, LOOP:4, SAMPLE-SHORT:2	RAW-PCM:25, AIFF:24	sample oneshots one-shot loop sample-short
grumpy parts	Session	Long	TR-808	high	1.00	36	18	1771666166	109.5	2009-08-28	2025-04-18	Kick, Bass	LONG-SESSION:18	AIFF:18	session long tr-808 kick bass long-session
gulbransen	Drum	Hits		high	0.89	9	9	1334504	0.1	2008-01-09	2008-01-09	Conga, Cowbell, Hat Closed, Hat Open, Kick, Rim, Snare	DRUM-ONESHOT:8, ONE-SHOT:1	WAV-float32:9	drum hits conga cowbell hat-closed hat-open kick rim snare drum-oneshot one-shot
hammond	Drum	Hits		high	0.81	16	16	2907168	0.3	2008-01-09	2008-01-09	Crash, Hat Closed, Hat Open, Kick, Tom, Clave, Shaker, Snare	DRUM-ONESHOT:13, ONE-SHOT:3	WAV-float32:16	drum hits clave crash hat-closed hat-open kick shaker snare tom drum-oneshot one-shot
hardware excursions	Session	Long		medium	1.00	8	4	704927586	44.3	2010-02-03	2010-07-21		LONG-SESSION:4	AIFF:4	session long long-session
harvested audio 01	Sample	General		low	0.25	71	67	623563292	43.4	2007-11-29	2009-09-08	Bass, Kick, Rim, Orchestral, Melodic	SAMPLE:17, CHOP:14, SAMPLE-SHORT:12, ONE-SHOT:6, SECTION-BED:5, SONG?:4	AIFF:59, RAW-PCM:7	sample general bass kick rim orchestral melodic chop sample-short one-shot
hat patterns	Sample	General		medium	0.67	5	3	1953115	0.4	2002-04-15	2002-04-22		SAMPLE:2, SAMPLE-SHORT:1	AIFF:3	sample general sample-short
hats	Drum	Hits		high	0.75	25	12	1760564	0.7	1995-07-30	2010-12-10	Hat	DRUM-ONESHOT:9, DRUM-HIT-LONG:2, SAMPLE:1	RAW-PCM:9, MP3:3, EMPTY:1	drum hits hat drum-oneshot drum-hit-long sample
hey - the kids are poopin	Sample	General		low	0.34	70	56	304324231	31.1	2001-09-07	2010-03-18	Orchestral	SAMPLE:19, SAMPLE-SHORT:12, SECTION-BED:12, SONG?:4, PAD-BED:4, SYNTH-STAB:2	AIFF:56	sample general orchestral sample-short section-bed song
hohner_rhythm80	Drum	Hits		high	0.70	10	10	1811024	0.2	2008-01-09	2008-01-09	Tom, Clave, Hat Closed, Hat Open, Kick	DRUM-ONESHOT:7, ONE-SHOT:3	WAV-float32:10	drum hits clave hat-closed hat-open kick tom drum-oneshot one-shot
honetol 14 - masters	Song	Masters		medium	1.00	5	3	217337678	20.4	2009-01-10	2017-11-14		SONG:3	AIFF:2, RAW-PCM:1	song masters
human noises	Sample	Beds		low	0.25	30	20	66625796	7.1	2002-02-07	2010-08-27	Orchestral, Kick, Vocal	SECTION-BED:5, SAMPLE-SHORT:5, SAMPLE:4, LOOP:1, PAD-BED:1, ONE-SHOT:1	AIFF:20	sample beds orchestral kick vocal section-bed sample-short loop
i meed a bed	Sample	Pads		high	0.70	10	10	33242776	3.1	2002-08-25	2003-12-08		PAD-BED:7, ONE-SHOT:2, SAMPLE-SHORT:1	AIFF:8, RAW-PCM:2	sample pads pad-bed one-shot sample-short
i_see_you_parts	Sample	Beds		high	0.90	20	10	119998964	7.5	2007-09-01	2009-09-06	Bass	SECTION-BED:9, PAD-BED:1	AIFF:10	sample beds bass section-bed pad-bed
io radio	Sample	General		medium	0.67	4	3	1591725	0.3	2002-01-09	2005-05-15		SAMPLE:2, SAMPLE-SHORT:1	WAV:2, AIFF:1	sample general sample-short
isomer - bright lights big city (2009 Dope)	Session	Long		medium	1.00	4	2	154703822	14.5	2009-07-09	2011-01-05		LONG-SESSION:2	WAV:2	session long long-session
j_bits_1	Sample	Oneshots		high	0.91	86	74	2807862	0.2	2012-04-18	2012-05-07		ONE-SHOT:67, CHOP:7	AIFF:74	sample oneshots one-shot chop
jam_the_bits	Sample	Oneshots		medium	0.57	80	67	6749815	0.4	2012-05-25	2012-05-25		ONE-SHOT:38, CHOP:29	AIFF:67	sample oneshots one-shot chop
jomox_xbase09	Sample	Chops		medium	0.61	36	36	4756652	0.4	2008-01-09	2008-01-09		CHOP:22, ONE-SHOT:13, SAMPLE-SHORT:1	WAV-float32:36	sample chops chop one-shot sample-short
june_al_green	Sample	Oneshots		medium	0.50	68	42	87894668	1.1	2011-06-10	2011-06-12	Bass, Snare	SAMPLE-SHORT:21, ONE-SHOT:17, TONAL-HIT:1, UNKNOWN:1, DRUM-ONESHOT:1, SAMPLE:1	AIFF:41, MP4/M4A:1	sample oneshots bass snare sample-short one-shot tonal-hit unknown
jungle	Drum	Hits		medium	0.55	12	11	462656	0.1	1995-11-17	1996-05-20	Kick, Snare	DRUM-ONESHOT:6, ONE-SHOT:3, SAMPLE-SHORT:2	AIFF:11, EMPTY:1	drum hits kick snare drum-oneshot one-shot sample-short
kawai	Sample	Oneshots		medium	0.65	113	113	6998086	0.6	2008-01-09	2008-01-09	Tom, Snare, Kick, Hat Closed, Clap, Bass, Hat, Hat Open	ONE-SHOT:74, DRUM-ONESHOT:27, CHOP:7, SAMPLE-SHORT:3, TONAL-HIT:2	WAV-float32:113	sample oneshots hat-closed hat-open perc clap clave conga cowbell shaker bass stick crash hat kick rim snare tom one-shot drum-oneshot chop sample-short
kicks	Sample	Oneshots		high	1.00	16	7	225689	0.0	2002-11-30	2010-02-04		ONE-SHOT:7	AIFF:7	sample oneshots one-shot
kompaktData	Sample	Oneshots		low	0.43	56	44	40868887	4.8	2002-04-04	2004-11-24	Melodic	ONE-SHOT:19, SAMPLE:8, SYNTH-STAB:5, SAMPLE-SHORT:4, CHOP:3, SECTION-BED:2	WAV:42, RAW-PCM:2, EMPTY:1	sample oneshots melodic one-shot synth-stab sample-short
korg	Drum	Machine	Korg	high	0.87	409	403	43588102	3.9	2008-01-09	2008-05-24	Rim, Hat, Clap, Crash, Tom, Kick, Shaker, Cowbell	DRUM-ONESHOT:349, CHOP:40, SAMPLE-SHORT:11, UNKNOWN:3	WAV-float32:377, WAV:23	drum machine korg tr-808 shaker clap cowbell crash ride rim tambourine clave tom stick snare kick hat hat-closed hat-open conga drum-oneshot chop sample-short unknown
korg_ddm110	Sample	Oneshots		high	0.88	68	68	5599526	0.5	2008-01-09	2008-01-09	Snare	ONE-SHOT:60, SAMPLE-SHORT:7, DRUM-ONESHOT:1	WAV-float32:68	sample oneshots snare one-shot sample-short drum-oneshot
kule zoundz	Sample	Oneshots		medium	0.50	31	30	4174596	0.5	1995-09-30	1997-03-11	Perc, Kick	ONE-SHOT:15, DRUM-ONESHOT:5, CHOP:5, SAMPLE-SHORT:4, SAMPLE:1	AIFF:29, EMPTY:1, RAW-PCM:1	sample oneshots kick perc one-shot drum-oneshot chop sample-short
kurzweil_k2000rom	Sample	Oneshots		low	0.38	21	21	4602476	0.4	2008-01-09	2008-01-09	Clap, Cowbell, Hat, Tom, Shaker, Snare	ONE-SHOT:8, SAMPLE-SHORT:7, DRUM-ONESHOT:6	WAV-float32:21	sample oneshots clap cowbell hat tom shaker snare one-shot sample-short drum-oneshot
large audio from B. Velvet	Sample	Beds		medium	1.00	2	1	8905242	0.8	1996-02-15	1996-05-20		SECTION-BED:1	AIFF:1, EMPTY:1	sample beds section-bed
late sunday renders	Song	Masters		high	0.86	23	22	1613666155	103.6	2005-06-06	2025-04-18		SONG:19, SECTION-BED:2, UNKNOWN:1	AIFF:19, RAW-PCM:2	song masters section-bed unknown
lel_uds	Drum	Hits		high	1.00	12	12	1938968	0.2	2008-01-09	2008-01-09	Hat, Snare, Kick, Clap	DRUM-ONESHOT:12	WAV-float32:12	drum hits clap hat kick snare drum-oneshot
lets try this	Sample	General		low	0.18	49	45	336237980	35.3	2001-08-29	2010-03-30	Melodic, Vocal, Orchestral, Bass	SAMPLE:8, SONG?:7, SECTION-BED:7, TONAL-HIT:6, VOCAL:5, SYNTH-STAB:3	AIFF:42, RAW-PCM:3	sample general bass melodic vocal orchestral song section-bed tonal-hit
linn	Drum	Hits		low	0.41	116	109	9482954	0.8	2008-01-09	2009-10-19	Snare, Tom, Clap, Tambourine, Shaker, Kick, Conga, Ride	DRUM-ONESHOT:45, ONE-SHOT:41, CHOP:19, SAMPLE-SHORT:4	WAV-float32:109	drum hits clap snare tambourine shaker hat-closed cowbell crash conga tom kick hat hat-open ride rim drum-oneshot one-shot chop sample-short
linndrum Folder	Drum	Machine	LinnDrum LM-1	high	0.97	70	30	1110142	0.2	1996-01-18	2010-03-31	Shaker, Hat Closed, Clap, Conga, Crash, Kick, Hat Open, Ride	DRUM-ONESHOT:29, SAMPLE-SHORT:1	WAV:30, EMPTY:1	drum machine linndrum-lm-1 shaker hat-closed clap conga crash kick hat-open ride snare tambourine tom drum-oneshot sample-short
little editas	Sample	Chops		high	0.90	20	20	25370704	2.2	2001-01-18	2001-01-18		CHOP:18, SECTION-BED:2	AIFF:20	sample chops chop section-bed
live app files	Sample	Oneshots		medium	1.00	1	1	412630	0.0	2002-04-22	2002-04-22		SAMPLE-SHORT:1	RAW-PCM:1	sample oneshots sample-short
liveSet	Session	Live		low	0.25	5	4	74014784	7.0	2001-04-21	2002-04-13		LONG-SESSION:1, SAMPLE-SHORT:1, SECTION-BED:1, ONE-SHOT:1	AIFF:3, RAW-PCM:1	session live long-session sample-short section-bed one-shot
ll cool j - around the way girl	Sample	Oneshots		low	0.42	124	66	49498572	3.1	2011-02-23	2012-12-12		ONE-SHOT:28, SAMPLE-SHORT:24, CHOP:8, SAMPLE:6	AIFF:66	sample oneshots one-shot sample-short chop
long_hits	Unsorted	Mixed		medium	1.00	1	1	6148	0.0	2009-09-06	2009-09-06		UNKNOWN:1		unsorted mixed unknown
loops	Sample	Chops		low	0.39	52	51	89498461	9.0	2002-11-10	2009-09-06	Melodic, Snare	CHOP:20, SAMPLE:13, SAMPLE-SHORT:9, UNKNOWN:2, SECTION-BED:2, ONE-SHOT:2	AIFF:49, RAW-PCM:1	sample chops melodic snare chop sample-short unknown
loose-live-recordings	Session	Live		high	0.89	41	37	25552786908	2242.8	2004-12-16	2012-12-03		LONG-SESSION:33, SONG:4	AIFF:30, MP3:5, WAV:2, EMPTY:1	session live long-session song
luxor_passet	Drum	Hits		high	0.86	7	7	1048536	0.1	2008-01-09	2008-01-09	Snare, Clave, Hat Closed, Hat Open, Kick	DRUM-ONESHOT:6, ONE-SHOT:1	WAV-float32:7	drum hits clave hat-closed hat-open kick snare drum-oneshot one-shot
lyr'd	Sample	Chops		low	0.44	69	45	62815522	6.3	2004-01-23	2008-04-26		CHOP:20, SAMPLE-SHORT:13, ONE-SHOT:7, SAMPLE:2, SONG?:2, LOOP:1	AIFF:44, MP3:1	sample chops chop sample-short one-shot
made	Sample	Chops		medium	0.67	12	6	1096464	0.1	2004-01-24	2005-06-20		CHOP:4, SAMPLE-SHORT:2	AIFF:5, RAW-PCM:1	sample chops chop sample-short
maestro	Sample	Oneshots		medium	0.48	21	21	853080	0.2	2008-01-09	2008-01-09	Hat, Kick, Snare	ONE-SHOT:10, CHOP:7, DRUM-ONESHOT:3, FX:1	WAV:17, WAV-float32:4	sample oneshots hat kick snare one-shot chop drum-oneshot fx
march_tewaks	Song	Mixes		low	0.28	18	18	197078595	14.8	2011-03-19	2011-04-05	Bass	SONG?:5, SAMPLE:4, SAMPLE-SHORT:4, TONAL-HIT:2, SECTION-BED:2, PAD-BED:1	AIFF:18	song mixes bass sample sample-short tonal-hit
marley marl in control	Session	Long		medium	0.67	3	3	845921222	79.9	2009-09-05	2012-12-03		LONG-SESSION:2, UNKNOWN:1	AIFF:2	session long long-session unknown
masters-and-mixdowns	Song	Masters		high	1.00	64	47	6013827632	385.5	2006-10-24	2017-11-14	Bass, Hat Open	SONG:47	AIFF:46, RAW-PCM:1	song masters bass hat-open
mattel_synsonic	Drum	Hits		high	1.00	8	8	636796	0.1	2008-01-09	2008-01-09	Tom, Crash, Hat, Kick, Snare	DRUM-ONESHOT:8	WAV-float32:8	drum hits crash hat kick snare tom drum-oneshot
melosonic	Drum	Hits		high	1.00	6	6	857904	0.1	2008-01-09	2008-01-09	Clave, Hat Closed, Hat Open, Kick, Rim, Snare	DRUM-ONESHOT:6	WAV-float32:6	drum hits clave hat-closed hat-open kick rim snare drum-oneshot
mercure	Sample	Oneshots		medium	0.68	47	47	4022416	0.3	2008-01-09	2008-01-09	Stick	ONE-SHOT:32, CHOP:12, SAMPLE-SHORT:2, DRUM-ONESHOT:1	WAV-float32:47	sample oneshots stick one-shot chop sample-short drum-oneshot
meta'd	Sample	General		low	0.44	22	16	77327450	7.3	1999-06-07	2010-02-25		SAMPLE:7, SAMPLE-SHORT:4, SECTION-BED:2, ONE-SHOT:2, SONG?:1	RAW-PCM:11, AIFF:5	sample general sample-short section-bed one-shot
meta_sounds	Sample	General		medium	0.50	2	2	4227724	0.3	2006-12-29	2006-12-29		SAMPLE:1, SAMPLE-SHORT:1	AIFF:2	sample general sample-short
metad	Sample	General		low	0.44	20	16	116110209	9.9	2005-03-19	2009-09-07		SAMPLE:7, SAMPLE-SHORT:4, SECTION-BED:2, ONE-SHOT:2, LONG-SESSION:1	AIFF:16	sample general sample-short section-bed one-shot
mfb_512	Sample	Oneshots		high	0.80	10	10	1098284	0.1	2008-01-09	2008-01-09		ONE-SHOT:8, LOOP:1, SAMPLE-SHORT:1	WAV-float32:10	sample oneshots one-shot loop sample-short
microcosm	Session	Long		medium	0.50	8	8	399945540	37.8	2008-07-07	2011-11-28		LONG-SESSION:4, SONG?:3, UNKNOWN:1	AIFF:7	session long long-session song unknown
microcosm aiffs	Session	Long		medium	0.57	7	7	399939392	37.8	2008-07-07	2008-07-07		LONG-SESSION:4, SONG?:3	AIFF:7	session long long-session song
mined	Drum	Hits		low	0.43	60	21	12191830	1.1	2004-01-15	2009-02-11	Kick, Tom, Snare, Crash	DRUM-ONESHOT:9, CHOP:6, SAMPLE:3, DRUM-HIT-LONG:2, ONE-SHOT:1	AIFF:18, RAW-PCM:3	drum hits kick tom snare crash drum-oneshot chop sample drum-hit-long
misc	Sample	Oneshots		medium	1.00	6	3	182111	0.0	2002-12-01	2010-01-10		ONE-SHOT:3	AIFF:3	sample oneshots one-shot
mixes	Song	Mixes		medium	1.00	2	1	16911283	1.6	2004-01-16	2008-04-26		SONG?:1	AIFF:1	song mixes
monopoly bass feb 2009	Sample	Chops		high	0.96	139	83	27872862	3.5	2009-02-26	2010-08-10		CHOP:80, UNKNOWN:1, SECTION-BED:1, ONE-SHOT:1	AIFF:82	sample chops chop unknown section-bed one-shot
monopoly drums	Drum	Hits		high	0.82	68	34	2319772	0.2	2003-02-03	2010-01-10	Kick, Hat, Crash, Hat Closed, Hat Open	DRUM-ONESHOT:28, ONE-SHOT:6	RAW-PCM:34	drum hits hat-closed hat crash kick hat-open drum-oneshot one-shot
monopoly parts	Sample	Beds		medium	0.67	37	21	334938640	21.0	2005-07-17	2010-04-01	Bass	SECTION-BED:14, SAMPLE:4, STEM:2, LONG-SESSION:1	AIFF:21	sample beds bass section-bed stem long-session
monopoly sounds	Sample	Oneshots		low	0.35	116	95	30581902	5.1	1995-09-21	2010-12-16	Kick, Bass, Hat, Crash, Hat Closed, Hat Open, Noise, Orchestral	SAMPLE-SHORT:33, DRUM-ONESHOT:22, CHOP:11, TONAL-HIT:10, FX:8, ONE-SHOT:6	AIFF:90, RAW-PCM:4, EMPTY:1	sample oneshots bass hat-closed hat crash kick hat-open noise orchestral sample-short drum-oneshot chop tonal-hit
moog_mg1	Drum	Hits		high	1.00	5	5	617800	0.1	2008-01-09	2008-01-09	Kick, Snare	DRUM-ONESHOT:5	WAV-float32:5	drum hits kick snare drum-oneshot
mopoly	Sample	General		medium	0.50	4	4	20381814	1.9	2004-01-15	2004-08-28	Bass	SAMPLE:2, SAMPLE-SHORT:1, SECTION-BED:1	AIFF:3, RAW-PCM:1	sample general bass sample-short section-bed
more deep things	Sample	Chops		medium	0.67	5	3	32403742	3.1	2002-04-14	2003-12-08		CHOP:2, SONG?:1	AIFF:3	sample chops chop song
mp3-mixes	Song	Masters		high	1.00	23	22	1269201037	773.6	2004-05-19	2018-01-16		SONG:22	MP3:22	song masters
multimoog	Sample	Oneshots	TR-909	high	0.77	58	56	1270924	0.2	2008-01-09	2009-10-13	Snare, Bass, Kick, Clap, Noise	ONE-SHOT:43, DRUM-ONESHOT:11, TONAL-HIT:2	AIFF:56	sample oneshots tr-909 snare bass kick clap noise one-shot drum-oneshot tonal-hit
musical	Sample	Oneshots		high	0.86	11	7	5355388	0.6	2002-04-15	2002-04-22		SAMPLE-SHORT:6, SAMPLE:1	AIFF:7	sample oneshots sample-short
mxr_computer_rhythm185	Drum	Hits		high	0.75	12	12	617804	0.1	2008-01-09	2008-01-09	Tom, Clap, Cowbell, Crash, Kick, Rim, Snare	DRUM-ONESHOT:9, ONE-SHOT:3	WAV-float32:12	drum hits clap cowbell crash kick rim snare tom drum-oneshot one-shot
my new percs	Sample	Oneshots		medium	0.60	13	10	102694	0.0	2001-09-07	2009-09-06	Kick, Rim	ONE-SHOT:6, DRUM-ONESHOT:4	AIFF:10	sample oneshots kick rim one-shot drum-oneshot
mySounds	Sample	Oneshots		high	0.83	12	12	366170	0.1	2002-10-20	2002-10-20		ONE-SHOT:10, CHOP:2	RAW-PCM:11, MP3:1	sample oneshots one-shot chop
new bits for the track	Sample	Oneshots		medium	0.51	66	41	95203262	9.3	2002-01-10	2010-02-24		ONE-SHOT:21, SAMPLE-SHORT:8, SAMPLE:6, SECTION-BED:3, STEM:2, LOOP:1	AIFF:31, RAW-PCM:10	sample oneshots one-shot sample-short section-bed
new chimers	Sample	General		low	0.33	65	33	247256171	15.5	2006-03-15	2010-02-23	Vocal	SAMPLE:11, SECTION-BED:11, VOCAL:6, SAMPLE-SHORT:3, UNKNOWN:1, CHOP:1	AIFF:32	sample general vocal section-bed sample-short
new masters	Song	Masters		high	0.75	12	12	2636242207	236.6	2011-03-28	2011-08-05		SONG:9, ONE-SHOT:2, UNKNOWN:1	AIFF:8, RAW-PCM:2, MP3:1	song masters one-shot unknown
new phun	Sample	Oneshots		high	0.89	813	785	26545337	2.8	2001-07-31	2003-05-26		ONE-SHOT:697, CHOP:73, SAMPLE-SHORT:9, LOOP:4, SYNTH-STAB:1, SAMPLE:1	AIFF:776, RAW-PCM:9	sample oneshots one-shot chop sample-short loop
new recYcled	Sample	Beds		low	0.44	14	9	47563522	4.5	2001-08-07	2009-09-07		SECTION-BED:4, CHOP:4, SAMPLE:1	AIFF:9	sample beds section-bed chop
new renders	Song	Masters		medium	0.50	4	4	177585711	16.8	2002-12-03	2003-01-26	Bass	SONG:2, SAMPLE-SHORT:2	AIFF:2, RAW-PCM:2	song masters bass sample-short
new sounds from the soutj	Sample	General		low	0.43	11	7	114111082	11.5	2001-12-10	2002-04-14		SAMPLE:3, SAMPLE-SHORT:1, SECTION-BED:1, SONG?:1, LONG-SESSION:1	AIFF:7	sample general sample-short section-bed song
new_chops	Sample	Oneshots		high	0.73	30	15	7358620	0.5	2005-08-11	2009-09-07		SAMPLE-SHORT:11, ONE-SHOT:4	AIFF:15	sample oneshots sample-short one-shot
newer thing	Sample	Oneshots		low	0.34	101	86	162391643	20.5	2000-06-30	2018-02-25	Melodic	SAMPLE-SHORT:29, SAMPLE:16, ONE-SHOT:15, CHOP:13, SECTION-BED:7, SONG?:3	AIFF:41, RAW-PCM:28, WAV:15, MP3:2	sample oneshots melodic sample-short one-shot chop
newest addition	Sample	Oneshots		low	0.33	53	46	299363651	33.0	2001-07-14	2004-01-10	Bass, Stick	SAMPLE-SHORT:15, SAMPLE:11, SECTION-BED:11, SONG?:7, LOOP:1, DRUM-HIT-LONG:1	AIFF:44, RAW-PCM:2	sample oneshots bass stick sample-short section-bed song
newly chopped cheese	Sample	Oneshots		medium	0.69	77	77	5481806	0.5	2001-09-16	2001-09-16		ONE-SHOT:53, CHOP:24	AIFF:77	sample oneshots one-shot chop
newly created explorations	Sample	Oneshots		medium	0.50	2	2	317413	0.0	2001-09-12	2001-09-12		ONE-SHOT:1, SAMPLE-SHORT:1	RAW-PCM:2	sample oneshots one-shot sample-short
newly mastered audio	Song	Masters		medium	1.00	1	1	6148	0.0	2011-11-09	2011-11-09		SONG:1		song masters
nightBefore Sounds	Sample	Oneshots		high	0.80	11	10	5056816	0.6	2001-07-27	2002-10-31		SAMPLE-SHORT:8, SAMPLE:1, ONE-SHOT:1	AIFF:10	sample oneshots sample-short one-shot
nirdRdms 120	Sample	Chops		low	0.36	11	11	32968606	3.2	2002-04-11	2002-04-11		CHOP:4, SECTION-BED:3, ONE-SHOT:2, LOOP:1, SAMPLE:1	AIFF:11	sample chops chop section-bed one-shot loop
non-audio audio source	Sample	Oneshots		low	0.24	91	90	158149846	27.9	2001-01-10	2001-04-08		SAMPLE-SHORT:22, SAMPLE:20, ONE-SHOT:18, CHOP:13, SECTION-BED:12, SONG?:5	AIFF:90	sample oneshots sample-short one-shot chop
nord rums	Drum	Hits		high	0.89	37	37	5149318	1.0	2001-09-08	2002-01-19	Clap	DRUM-ONESHOT:33, SAMPLE:4	AIFF:26, RAW-PCM:11	drum hits clap drum-oneshot sample
normalized bits	Sample	Oneshots		medium	0.66	189	189	16681354	1.6	2001-09-28	2001-09-28	Clave, Hat, Tom	ONE-SHOT:125, CHOP:61, DRUM-ONESHOT:3	RAW-PCM:189	sample oneshots clave hat tom one-shot chop drum-oneshot
now is the time	Sample	Oneshots		low	0.41	83	82	15405814	3.2	1995-12-07	1997-01-05	Snare, Hat Open, Hat, Kick, Rim, Orchestral	SAMPLE-SHORT:34, LOOP:14, DRUM-ONESHOT:12, ONE-SHOT:10, CHOP:7, SAMPLE:4	AIFF:80, RAW-PCM:2, EMPTY:1	sample oneshots snare rim hat kick orchestral hat-open sample-short loop drum-oneshot one-shot
ob dx - kit one - high tuning	Drum	Kit		high	1.00	32	16	1192744	0.1	1998-09-24	2010-01-10	Crash, Hat, Perc, Snare, Tom, Kick	DRUM-ONESHOT:16	AIFF:16	drum kit crash hat kick perc snare tom drum-oneshot
ob dx - kit two - mid tuning	Drum	Kit		high	1.00	36	18	1838046	0.2	1998-09-24	2010-01-10	Crash, Hat, Kick, Perc, Snare, Tom	DRUM-ONESHOT:18	AIFF:18	drum kit crash hat kick perc snare tom drum-oneshot
oberheim	Drum	Machine	Oberheim	medium	0.52	119	118	127439810	11.3	2008-01-09	2010-02-03		DRUM-ONESHOT:61, CHOP:48, SAMPLE:3, UNKNOWN:2, SAMPLE-SHORT:2, SONG?:1	WAV-float32:115, AIFF:1	drum machine oberheim oberheim-dmx drum-oneshot chop sample unknown
old_electibe	Sample	Chops		high	0.99	72	72	72089262	4.5	2011-03-19	2011-03-19		CHOP:71, SAMPLE:1	AIFF:72	sample chops chop
opensource_spokenWords	Song	Mixes		low	0.38	11	8	35347194	25.9	2004-06-08	2008-04-26	Orchestral	SONG?:3, UNKNOWN:2, LONG-SESSION:2, TONAL-HIT:1	MP3:3, AIFF:3, FLAC:2	song mixes orchestral unknown long-session tonal-hit
other people's music	Song	Mixes		medium	0.46	14	13	3378290778	319.1	2004-02-03	2012-12-03		SONG:6, ONE-SHOT:4, LONG-SESSION:2, UNKNOWN:1	AIFF:7, RAW-PCM:5, EMPTY:1	song mixes one-shot long-session unknown
otherSet Sounds	Sample	Oneshots		medium	0.47	30	15	5829646	0.8	1999-06-07	2004-06-15		SAMPLE-SHORT:7, ONE-SHOT:5, LOOP:1, PAD-BED:1, SYNTH-STAB:1	AIFF:14, WAV:1	sample oneshots sample-short one-shot loop pad-bed
p_bits	Sample	Chops		medium	0.58	348	279	48187917	3.0	2012-04-18	2012-12-05		CHOP:163, ONE-SHOT:116	AIFF:279	sample chops chop one-shot
pads and beats harvest edits	Sample	Oneshots		low	0.44	16	9	8212888	0.6	2007-12-02	2011-10-22		SAMPLE-SHORT:4, ONE-SHOT:3, PAD-BED:1, SAMPLE:1	AIFF:9	sample oneshots sample-short one-shot pad-bed
part_01 bits	Sample	Chops		high	0.98	153	82	72677417	4.5	2005-07-16	2010-04-02		CHOP:80, ONE-SHOT:1, SAMPLE:1	AIFF:82	sample chops chop one-shot
perc 'cycld	Sample	Oneshots		high	0.83	83	70	2624231	0.2	2003-12-02	2004-11-25		ONE-SHOT:58, CHOP:12	AIFF:70	sample oneshots one-shot chop
percussion	Sample	Oneshots		high	1.00	16	15	284896	0.0	2002-04-14	2002-04-22		ONE-SHOT:15	AIFF:15	sample oneshots one-shot
percussive	Sample	Oneshots		medium	0.60	10	5	547829	0.1	2001-09-05	2002-04-22		ONE-SHOT:3, SAMPLE-SHORT:1, LOOP:1	AIFF:4, RAW-PCM:1	sample oneshots one-shot sample-short loop
percy_bits	Sample	Chops		high	0.74	412	375	67178921	4.2	2005-06-18	2010-02-21		CHOP:279, ONE-SHOT:95, SECTION-BED:1	AIFF:374, RAW-PCM:1	sample chops chop one-shot section-bed
phresh	Sample	Chops		medium	0.50	10	8	11530743	2.6	2002-08-03	2004-11-24		CHOP:4, SECTION-BED:2, SAMPLE:1, SAMPLE-SHORT:1	AIFF:7, EMPTY:1, RAW-PCM:1	sample chops chop section-bed sample-short
piano	Sample	Chops		medium	0.69	53	52	83237496	7.9	2004-01-15	2004-01-24	Melodic	CHOP:36, SAMPLE:10, SAMPLE-SHORT:4, SECTION-BED:2	AIFF:50, RAW-PCM:2	sample chops melodic chop sample-short section-bed
pokin around	Sample	Oneshots		medium	0.46	13	13	1653222	0.3	1995-07-30	1995-07-30		SAMPLE-SHORT:6, ONE-SHOT:4, CHOP:3	AIFF:12, RAW-PCM:1	sample oneshots sample-short one-shot chop
ported 550 sounds	Sample	Oneshots	Oberheim	medium	0.45	642	393	18895617	5.5	1999-08-24	2025-08-04	Kick, Snare, Hat Closed, Clap, Hat, Bass, Melodic, Crash	ONE-SHOT:178, SAMPLE-SHORT:94, DRUM-ONESHOT:78, TONAL-HIT:13, LOOP:12, FX:11	AIFF:392	sample oneshots tr-909 oberheim kick snare hat-closed perc hat bass melodic clap hat-open ride crash noise vocal shaker orchestral conga tambourine one-shot sample-short drum-oneshot tonal-hit
process me	Sample	General		low	0.26	270	145	446882229	43.3	2005-05-21	2009-09-07	Kick, Melodic, Bass, Orchestral, Hat, Rim	SAMPLE:37, SAMPLE-SHORT:28, ONE-SHOT:24, SECTION-BED:16, CHOP:14, SONG?:7	AIFF:118, RAW-PCM:27	sample general bass kick melodic hat rim orchestral sample-short one-shot section-bed
processed	Sample	Oneshots		low	0.44	16	9	31287543	2.9	2004-09-01	2004-12-10	Orchestral	SAMPLE-SHORT:4, PAD-BED:2, TONAL-HIT:2, SECTION-BED:1	AIFF:9	sample oneshots orchestral sample-short pad-bed tonal-hit section-bed
processed drums	Drum	Machine	TR-909	low	0.43	7	7	134780	0.0	1996-02-29	1996-02-29	Vocal, Snare, Clap	DRUM-ONESHOT:3, ONE-SHOT:2, VOCAL:2	AIFF:7	drum machine tr-909 snare clap vocal drum-oneshot one-shot
procussion	Sample	Chops		medium	0.62	74	71	5196714	0.4	2008-01-09	2009-02-28		CHOP:44, ONE-SHOT:27	WAV-float32:71	sample chops chop one-shot
proteus	Sample	Chops		low	0.43	30	30	9727114	0.8	2008-01-09	2008-01-09		CHOP:13, SAMPLE-SHORT:12, ONE-SHOT:5	WAV-float32:30	sample chops chop sample-short one-shot
protools sessions	Unsorted	Mixed		low	0.25	9	8	53315084	5.0	2001-10-31	2018-04-05		UNKNOWN:2, SAMPLE-SHORT:2, ONE-SHOT:2, SESSION-TAKE:2	RAW-PCM:6, EMPTY:1	unsorted mixed unknown sample-short one-shot session-take
psr 215	Drum	Machine	TR-909	medium	0.59	45	17	1563238	0.2	1995-12-14	2010-01-10	Perc, Snare, Bass, Hat Open, Hat Closed	DRUM-ONESHOT:10, ONE-SHOT:3, TONAL-HIT:2, SAMPLE-SHORT:2	AIFF:10, RAW-PCM:7, EMPTY:1	drum machine tr-909 snare bass hat-closed hat-open perc drum-oneshot one-shot tonal-hit sample-short
psr 77 electro set	Drum	Hits		high	0.81	52	27	3669104	0.5	1995-12-14	2010-01-10	Tom, Hat, Kick, Snare, Hat Closed, Stick, Crash, Hat Open	DRUM-ONESHOT:22, SAMPLE-SHORT:2, DRUM-HIT-LONG:1, LOOP:1, ONE-SHOT:1	AIFF:27, EMPTY:1	drum hits hat-closed hat stick crash kick snare tom hat-open drum-oneshot sample-short drum-hit-long loop
quasimidi_309	Sample	Chops		high	0.85	225	224	42728384	3.7	2008-01-09	2009-02-23		CHOP:190, ONE-SHOT:34	WAV-float32:224	sample chops chop one-shot
r_love_bits	Sample	Oneshots		high	0.74	466	427	35728365	2.2	2012-04-18	2012-04-20		ONE-SHOT:316, CHOP:111	AIFF:427	sample oneshots one-shot chop
rascals	Sample	General		low	0.42	12	12	15499982	2.2	1995-08-04	1995-08-07	Orchestral, Hat Open	SAMPLE:5, CHOP:4, SAMPLE-SHORT:3	AIFF:12	sample general orchestral hat-open chop sample-short
raw files	Session	Takes		low	0.36	12	11	98943570	29.9	2004-01-14	2004-01-15	Bass	SESSION-TAKE:4, SAMPLE:4, LONG-SESSION:2, SECTION-BED:1	RAW-PCM:6, MP3:4, AIFF:1, EMPTY:1	session takes bass session-take sample long-session section-bed
reaktor records	Sample	Beds		low	0.43	12	7	272722082	25.6	2004-09-27	2007-11-24		SECTION-BED:3, SONG?:2, LONG-SESSION:1, SONG:1	AIFF:5, RAW-PCM:2	sample beds section-bed song long-session
recycle me	Sample	Beds		medium	1.00	2	1	5349134	1.5	2001-09-07	2002-04-06		SECTION-BED:1	AIFF:1	sample beds section-bed
recycled	Sample	Chops		high	0.95	101	75	10974091	2.1	2001-09-07	2002-12-19		CHOP:71, ONE-SHOT:4	AIFF:75	sample chops chop one-shot
reggae sample pack-acapellas.classic voices.horns.drums.stabs.etc	Sample	Oneshots		medium	0.59	189	187	93472959	30.4	2010-11-27	2010-12-15	Vocal, Bass	SAMPLE-SHORT:111, CHOP:26, ONE-SHOT:22, SAMPLE:13, SONG?:5, SECTION-BED:4	WAV:142, MP3:30, RAW-PCM:11, AIFF:3	sample oneshots vocal bass sample-short chop one-shot
renders-and-edits	Song	Masters		high	0.71	77	63	8484794931	534.2	2002-05-04	2018-01-16		LONG-SESSION:45, SONG?:10, SAMPLE:2, STEM:2, SECTION-BED:2, SONG:1	AIFF:62, WAV:1	song masters long-session sample stem
res-q'd from archive '99	Sample	Oneshots		low	0.33	15	15	34228658	5.7	2001-09-08	2001-09-13		ONE-SHOT:5, SECTION-BED:4, SAMPLE:3, SAMPLE-SHORT:2, SONG?:1	AIFF:15	sample oneshots one-shot section-bed sample-short
ripped	Session	Stems		high	0.71	14	7	354274889	33.2	2002-04-14	2002-04-14		STEM:5, LONG-SESSION:2	AIFF:7	session stems stem long-session
rj valeo - nightfall	Song	Mixes		medium	0.53	15	15	832676900	66.0	2010-02-15	2020-01-26		SONG?:8, LONG-SESSION:4, UNKNOWN:1, SONG:1, SECTION-BED:1	AIFF:13, WAV:1	song mixes long-session unknown
rj's 909	Drum	Machine	TR-909	high	0.94	72	36	1697742	0.3	1999-04-19	2010-01-10		DRUM-ONESHOT:34, SAMPLE-SHORT:2	WAV:36	drum machine tr-909 drum-oneshot sample-short
roland	Sample	Oneshots	TR-808	low	0.44	1745	1742	196316324	17.0	2008-01-09	2009-11-25	Snare, Tom, Kick, Conga, Crash, Hat, Rim, Shaker	ONE-SHOT:760, DRUM-ONESHOT:511, CHOP:305, SAMPLE-SHORT:157, DRUM-HIT-LONG:4, SYNTH-STAB:2	WAV-float32:1675, WAV:66	sample oneshots tr-606 tr-707 cr-78 tr-808 tr-909 crash hat kick snare tom clap rim shaker cowbell hat-closed hat-open ride stick tambourine clave conga noise one-shot drum-oneshot chop sample-short
ruby_orla	Drum	Hits		medium	1.00	4	4	571936	0.0	2008-01-09	2008-01-09	Hat Closed, Hat Open, Kick, Snare	DRUM-ONESHOT:4	WAV-float32:4	drum hits hat-closed hat-open kick snare drum-oneshot
ruth vocals	Sample	General		medium	0.50	7	4	22650856	1.5	2006-01-02	2006-02-02		SAMPLE:2, ONE-SHOT:1, SECTION-BED:1	AIFF:4	sample general one-shot section-bed
rx-11 Samples	Drum	Hits		high	0.89	57	28	748740	0.3	1993-10-01	2009-09-06	Snare, Hat, Tom, Kick, Clap, Cowbell, Rim, Crash	DRUM-ONESHOT:25, DRUM-HIT-LONG:3	RAW-PCM:19, MP3:9, EMPTY:1	drum hits kick clap cowbell crash hat ride rim snare shaker tom drum-oneshot drum-hit-long
sakata_dpm48	Sample	Chops		medium	0.63	35	35	3184868	0.3	2008-01-09	2008-01-09		CHOP:22, ONE-SHOT:13	WAV-float32:35	sample chops chop one-shot
salvaged	Sample	Oneshots		high	0.75	20	20	770940	0.1	2001-09-06	2001-09-06		ONE-SHOT:15, CHOP:3, SAMPLE-SHORT:2	AIFF:20	sample oneshots one-shot chop sample-short
salvaged midifiles	Sample	Oneshots		medium	1.00	2	2	16642	0.0	2001-09-06	2001-09-06		ONE-SHOT:2	RAW-PCM:2	sample oneshots one-shot
sample cell	Sample	Oneshots		high	0.89	9	9	5691040	0.6	1995-09-25	1995-09-25		SAMPLE-SHORT:8, LOOP:1	AIFF:9	sample oneshots sample-short loop
sc-tom Folder	Drum	Hits		medium	0.45	23	11	10068755	0.3	1996-09-27	2010-01-10	Clap, Crash, Kick, Hat Open, Snare	DRUM-ONESHOT:5, ONE-SHOT:5, SAMPLE:1	WAV:8, AIFF:3, EMPTY:1	drum hits clap crash kick hat-open snare drum-oneshot one-shot sample
sequential_circuits	Sample	Oneshots		medium	0.56	43	43	4295636	0.4	2008-01-09	2008-01-09	Hat, Tom, Clap, Crash, Kick, Snare	ONE-SHOT:24, DRUM-ONESHOT:8, CHOP:8, SAMPLE-SHORT:3	WAV-float32:43	sample oneshots clap crash hat kick snare tom one-shot drum-oneshot chop sample-short
serge_modular	Sample	Oneshots		high	0.82	11	11	1010744	0.1	2008-01-09	2008-01-09		ONE-SHOT:9, SAMPLE-SHORT:2	WAV-float32:11	sample oneshots one-shot sample-short
set_02 bits	Sample	Chops		high	0.90	82	51	58755081	3.7	2005-07-17	2010-06-12		CHOP:46, ONE-SHOT:4, SECTION-BED:1	AIFF:50, RAW-PCM:1	sample chops chop one-shot section-bed
shining sun project	Sample	Oneshots		medium	0.53	51	49	33775499	3.4	2004-01-03	2004-11-25	Snare, Hat	ONE-SHOT:26, SAMPLE:8, SAMPLE-SHORT:8, DRUM-ONESHOT:2, CHOP:2, FX:2	WAV:35, RAW-PCM:8, AIFF:6	sample oneshots snare hat one-shot sample-short drum-oneshot
siel_mpd40	Drum	Hits		high	0.90	10	10	219176	0.0	2008-01-09	2008-01-09	Clap, Cowbell, Crash, Hat, Kick, Rim, Shaker, Snare	DRUM-ONESHOT:9, ONE-SHOT:1	WAV-float32:10	drum hits clap cowbell crash hat kick rim shaker snare tom drum-oneshot one-shot
simmons	Drum	Machine	Simmons	high	0.94	125	125	12898410	1.2	2008-01-09	2008-01-09	Kick, Snare, Tom	DRUM-ONESHOT:117, CHOP:8	WAV-float32:125	drum machine simmons kick snare tom drum-oneshot chop
snares	Drum	Hits		medium	0.57	14	14	1577800	0.5	1995-07-30	2002-12-01	Snare	DRUM-ONESHOT:8, ONE-SHOT:4, SAMPLE:1, SAMPLE-SHORT:1	AIFF:9, RAW-PCM:4, MP3:1	drum hits snare drum-oneshot one-shot sample sample-short
songs	Song	Mixes		medium	1.00	3	2	143377273	8.9	2007-12-02	2007-12-08		SONG?:2	WAV:2	song mixes
sonor_mini_mammut	Sample	Chops		high	0.94	16	16	1011206	0.3	2008-01-09	2008-01-09		CHOP:15, ONE-SHOT:1	WAV:16	sample chops chop one-shot
sound_master-memory_rhythmsr88	Drum	Hits		low	0.29	7	7	1181576	0.1	2008-01-09	2008-01-09	Crash, Kick	DRUM-ONESHOT:2, SAMPLE-SHORT:2, ONE-SHOT:2, LOOP:1	WAV-float32:7	drum hits crash kick drum-oneshot sample-short one-shot loop
sound_renders	Song	Masters		medium	0.50	18	10	412346678	25.9	2010-03-16	2010-04-30		SONG:5, SAMPLE:2, UNKNOWN:1, SAMPLE-SHORT:1, SECTION-BED:1	AIFF:8, RAW-PCM:1	song masters sample unknown sample-short
sounds from the south	Sample	General		low	0.43	7	7	113537546	11.5	2001-12-10	2002-12-24		SAMPLE:3, SAMPLE-SHORT:1, SECTION-BED:1, SONG?:1, LONG-SESSION:1	AIFF:7	sample general sample-short section-bed song
soundz	Sample	Oneshots		medium	0.50	2	2	2217244	0.2	2001-08-13	2001-08-13	Noise	SAMPLE-SHORT:1, TONAL-HIT:1	AIFF:2	sample oneshots noise sample-short tonal-hit
sp_12_tape	Sample	Chops		high	1.00	38	33	18759413	1.2	2011-03-08	2011-04-07		CHOP:33	AIFF:33	sample chops chop
space 1999	Sample	Oneshots		low	0.27	55	48	64079422	10.1	2001-09-06	2004-06-15	Orchestral, Melodic	SAMPLE-SHORT:13, SAMPLE:12, ONE-SHOT:11, SECTION-BED:5, SYNTH-STAB:2, TONAL-HIT:2	AIFF:45, RAW-PCM:3, EMPTY:1	sample oneshots orchestral melodic sample-short one-shot section-bed
space fragments	Sample	Oneshots		high	0.78	72	72	1126200	0.2	2001-09-06	2018-04-06		ONE-SHOT:56, CHOP:15, UNKNOWN:1	AIFF:71	sample oneshots one-shot chop unknown
space kit samples	Drum	Kit		high	0.83	45	23	2056872	0.3	2001-09-04	2002-04-04	Rim, Orchestral	DRUM-ONESHOT:19, LOOP:2, SAMPLE-SHORT:2	AIFF:23	drum kit rim orchestral drum-oneshot loop sample-short
speakConverts	Sample	Chops		low	0.38	100	91	408687900	43.2	2001-04-17	2018-04-06	Noise	CHOP:35, SAMPLE:23, SAMPLE-SHORT:13, SECTION-BED:10, SONG?:6, LONG-SESSION:2	RAW-PCM:45, AIFF:44, EMPTY:1, MP3:1	sample chops noise chop sample-short section-bed
stargate	Sample	General		low	0.43	15	14	31440846	3.0	1995-05-29	1997-02-23	Orchestral	SAMPLE:6, SAMPLE-SHORT:4, SECTION-BED:2, ONE-SHOT:1, LOOP:1	AIFF:14, EMPTY:1	sample general orchestral sample-short section-bed one-shot
stretches	Sample	Oneshots		low	0.40	8	5	20612291	1.3	2009-04-13	2009-09-01		ONE-SHOT:2, SAMPLE:2, SECTION-BED:1	AIFF:4, RAW-PCM:1	sample oneshots one-shot section-bed
sun setting Project	Sample	Oneshots		low	0.27	160	147	1607773933	210.4	2004-05-25	2022-01-30		ONE-SHOT:40, SONG?:30, SECTION-BED:21, SAMPLE-SHORT:20, SAMPLE:16, LONG-SESSION:9	RAW-PCM:109, MP3:19, AIFF:18, EMPTY:3	sample oneshots one-shot song section-bed sample-short
sundayDayLiveSet Sounds	Sample	Oneshots		low	0.42	61	40	58306960	6.2	1999-06-07	2009-09-07		SAMPLE-SHORT:17, ONE-SHOT:9, SAMPLE:4, LOOP:3, PAD-BED:2, CHOP:2	AIFF:36, WAV:4	sample oneshots sample-short one-shot loop
sunday_live_set	Sample	Oneshots		medium	0.46	49	39	82691271	5.8	2005-03-19	2008-05-01		SAMPLE-SHORT:18, ONE-SHOT:12, SAMPLE:3, PAD-BED:2, SECTION-BED:1, LOOP:1	AIFF:39, EMPTY:1	sample oneshots sample-short one-shot pad-bed
suzuki_rpm40	Drum	Hits		high	0.90	10	10	238504	0.0	2008-01-09	2008-01-09	Clap, Cowbell, Crash, Hat, Kick, Rim, Shaker, Snare	DRUM-ONESHOT:9, ONE-SHOT:1	WAV-float32:10	drum hits clap cowbell crash hat kick rim shaker snare tom drum-oneshot one-shot
sv audio files	Sample	Oneshots		high	0.71	8	7	45550783	4.3	1996-04-27	1996-05-16		SAMPLE-SHORT:5, SONG?:1, ONE-SHOT:1	AIFF:6, EMPTY:1, RAW-PCM:1	sample oneshots sample-short song one-shot
synth_like	Sample	Oneshots		medium	1.00	2	1	164891	0.0	2002-04-14	2002-04-14		ONE-SHOT:1	AIFF:1	sample oneshots one-shot
systems_loops	Sample	Chops		high	0.86	11	7	14278720	0.9	2006-08-18	2009-09-07		CHOP:6, SAMPLE-SHORT:1	AIFF:7, EMPTY:1	sample chops chop sample-short
t_bits	Sample	Oneshots		medium	0.62	32	16	1665708	0.1	2012-04-18	2012-04-20		ONE-SHOT:10, CHOP:6	AIFF:16	sample oneshots one-shot chop
takes-and-sketches	Session	Long		medium	0.62	202	148	16539354425	1263.1	2000-03-21	2017-11-14	Bass, Melodic, Noise, Hat Open, Shaker	LONG-SESSION:92, SESSION-TAKE:33, SAMPLE:11, SECTION-BED:6, SYNTH-STAB:5, SAMPLE-SHORT:1	AIFF:131, WAV:10, RAW-PCM:4, AIFC:sowt:2	session long bass melodic noise hat-open shaker long-session session-take sample section-bed
tape-drums	Sample	Beds		medium	0.45	11	11	186068908	11.7	2011-03-08	2011-11-10		SECTION-BED:5, SONG?:3, SAMPLE:2, UNKNOWN:1	AIFF:10	sample beds section-bed song unknown
tape_edits	Sample	Chops		medium	0.55	43	22	4024939	0.3	2011-03-13	2012-05-25		CHOP:12, ONE-SHOT:9, SAMPLE-SHORT:1	AIFF:22	sample chops chop one-shot sample-short
testPerformance	Drum	Kit	Halion	high	0.81	28	27	7862688	0.8	2002-07-16	2002-07-25		DRUM-ONESHOT:22, SAMPLE-SHORT:2, SAMPLE:2, LOOP:1	AIFF:22, RAW-PCM:5, EMPTY:1	drum kit ni-absynth halion drum-oneshot sample-short sample loop
the cosmic monsters	Sample	Oneshots		medium	0.50	17	10	12687299	2.4	1995-05-29	2008-04-24	Orchestral	SAMPLE-SHORT:5, ONE-SHOT:3, SONG?:1, SAMPLE:1	AIFF:10, EMPTY:1	sample oneshots orchestral sample-short one-shot song
the illustrated man	Sample	Oneshots		low	0.41	34	17	31610616	3.7	1997-03-15	2010-03-14	Vocal	SAMPLE-SHORT:7, SAMPLE:3, ONE-SHOT:2, SECTION-BED:2, VOCAL:2, CHOP:1	AIFF:12, RAW-PCM:5	sample oneshots vocal sample-short one-shot section-bed
the return of the live Sounds	Sample	Oneshots		medium	0.54	19	13	4359478	0.5	2001-07-31	2004-11-24		SAMPLE-SHORT:7, LOOP:4, ONE-SHOT:1, SAMPLE:1	AIFF:13	sample oneshots sample-short loop one-shot
thonk'd things	Song	Mixes		medium	0.50	7	4	74584880	7.0	2000-03-21	2009-09-13		SONG?:2, SECTION-BED:1, SAMPLE:1	AIFF:4	song mixes section-bed sample
throbbing parts	Sample	Oneshots		medium	1.00	6	3	6346764	0.4	2006-08-10	2007-02-04		SAMPLE-SHORT:3	AIFF:3	sample oneshots sample-short
thwak +	Song	Mixes		low	0.32	44	44	541576295	67.6	1999-06-18	2022-01-30	Kick, Clave, Snare	SONG?:14, CHOP:14, STEM:7, SAMPLE-SHORT:5, SECTION-BED:2, UNKNOWN:1	AIFF:42, RAW-PCM:1	song mixes clave kick snare chop stem sample-short
to be mastered	Song	Masters		high	1.00	11	11	990653290	88.8	2009-01-07	2011-06-24		SONG:11	WAV:7, AIFF:4	song masters
tr 505	Song	Mixes	TR-505	medium	1.00	1	1	28575850	2.7	1998-09-22	1998-09-22		SONG?:1	AIFF:1	song mixes tr-505
tr 606 +	Drum	Machine	TR-606	medium	0.62	32	16	1365808	0.3	2003-02-07	2010-01-10		DRUM-ONESHOT:10, SAMPLE-SHORT:4, CHOP:2	RAW-PCM:12, MP3:4	drum machine tr-606 drum-oneshot sample-short chop
tr 707	Drum	Machine	TR-707	high	0.83	7	6	22159863	2.1	1998-09-22	2010-01-10	Hat Closed, Clap, Hat Open, Ride	DRUM-ONESHOT:5, SONG?:1	AIFF:6	drum machine tr-707 hat-closed clap hat-open ride drum-oneshot song
tr 727	Song	Mixes	TR-727	medium	1.00	2	1	23914193	2.2	1998-09-22	2010-01-10		SONG?:1	AIFF:1	song mixes tr-727
tr 808	Drum	Machine	TR-808	high	0.80	64	40	2156936	0.4	1999-03-21	2005-06-21		DRUM-ONESHOT:32, SAMPLE-SHORT:8	WAV:40	drum machine tr-808 drum-oneshot sample-short
tr606kit Folder	Sample	Oneshots		high	0.75	34	16	708402	0.1	1988-03-29	2006-05-13		ONE-SHOT:12, CHOP:2, SAMPLE-SHORT:2	WAV:16, EMPTY:1	sample oneshots one-shot chop sample-short
track #3	Sample	Oneshots		medium	1.00	1	1	17329	0.0	2001-09-08	2001-09-08		ONE-SHOT:1	RAW-PCM:1	sample oneshots one-shot
transelectronic	Sample	Oneshots		medium	0.70	33	33	15637491	1.5	2009-09-05	2010-06-15	Bass, Perc, Snare	ONE-SHOT:23, SAMPLE-SHORT:3, TONAL-HIT:3, UNKNOWN:1, SECTION-BED:1, DRUM-ONESHOT:1	RAW-PCM:32	sample oneshots bass perc snare one-shot sample-short tonal-hit unknown
trash kit one	Drum	Machine	TR-808	high	1.00	11	7	327871	0.1	1996-01-14	2010-01-10	Tom, Kick, Snare, Hat	DRUM-ONESHOT:7	AIFF:7, EMPTY:1	drum machine tr-808 kick tom snare hat drum-oneshot
understar_archive	Session	Long		low	0.35	24	20	1315277627	95.0	2003-07-20	2009-09-05	Stick	LONG-SESSION:7, SONG:5, SONG?:5, ONE-SHOT:2, UNKNOWN:1	AIFF:13, RAW-PCM:6, EMPTY:1	session long stick long-session song one-shot
univox_micro-rhythmer12	Sample	Oneshots		high	0.75	8	8	604404	0.1	2008-01-09	2008-01-09		ONE-SHOT:6, CHOP:2	WAV-float32:8	sample oneshots one-shot chop
vSampInstruments	Sample	Oneshots		high	1.00	17	9	54336	0.0	2001-04-13	2002-04-07		ONE-SHOT:9	AIFF:8, RAW-PCM:1, EMPTY:1	sample oneshots one-shot
vermona_drum	Drum	Hits		high	0.92	12	12	2334672	0.2	2008-01-09	2008-01-09	Tom, Clap, Clave, Cowbell, Crash, Hat Closed, Hat Open, Kick	DRUM-ONESHOT:11, ONE-SHOT:1	WAV-float32:12	drum hits clap clave cowbell crash hat-closed hat-open kick snare tom drum-oneshot one-shot
vermona_er-9	Sample	Chops		high	1.00	9	9	1516020	0.1	2008-01-09	2008-01-09		CHOP:9	WAV-float32:9	sample chops chop
video game sounds - assorted and procd	Sample	Oneshots		low	0.26	209	188	488602979	47.3	2003-01-09	2004-11-24	Kick, Vocal, Snare, Noise, Stick	ONE-SHOT:48, SAMPLE-SHORT:43, SAMPLE:24, CHOP:22, SECTION-BED:16, DRUM-ONESHOT:9	AIFF:178, RAW-PCM:10	sample oneshots kick noise vocal stick snare one-shot sample-short chop
video game whole record files	Sample	General		medium	0.60	5	5	28906492	2.7	2003-01-09	2003-01-09		SAMPLE:3, SECTION-BED:2	RAW-PCM:5	sample general section-bed
vietnam pirate radio	Sample	Beds		medium	0.45	54	53	28713222	45.8	1997-10-01	2010-01-14		SECTION-BED:24, CHOP:13, SAMPLE:8, SONG?:7, ONE-SHOT:1	WAV:47, WAV-comp2:5, RAW-PCM:1	sample beds section-bed chop song
vintage hi hats	Drum	Machine	TR-808	high	0.80	57	44	1470142	0.3	2003-02-11	2010-01-10	Hat, Hat Closed, Stick, Ride	DRUM-ONESHOT:35, ONE-SHOT:6, SAMPLE-SHORT:3	AIFF:44	drum machine tr-707 tr-808 hat hat-closed stick ride drum-oneshot one-shot sample-short
vintage percussion	Drum	Hits		medium	0.60	36	20	3295388	0.3	2003-02-11	2010-12-16	Kick, Snare, Tom, Clap	DRUM-ONESHOT:12, ONE-SHOT:4, SAMPLE-SHORT:2, SAMPLE:1, DRUM-HIT-LONG:1	AIFF:20	drum hits kick tom clap snare drum-oneshot one-shot sample-short sample
virtual_mpc_electronics	Drum	Hits		high	0.71	7	7	691484	0.1	2008-01-09	2008-01-09	Crash, Hat Closed, Hat Open, Snare, Tom	DRUM-ONESHOT:5, ONE-SHOT:2	WAV-float32:7	drum hits crash hat-closed hat-open snare tom drum-oneshot one-shot
visco_space_drums	Drum	Hits		medium	0.60	15	15	2907128	0.3	2008-01-09	2008-01-09	Tom, Clave, Cowbell, Hat Closed, Hat Open, Kick, Snare	DRUM-ONESHOT:9, ONE-SHOT:5, FX:1	WAV-float32:15	drum hits clave cowbell hat-closed hat-open kick snare tom drum-oneshot one-shot fx
vocieover	Sample	Oneshots		medium	0.50	2	2	26828570	2.5	2004-04-11	2004-06-15		ONE-SHOT:1, SONG?:1	RAW-PCM:1, AIFF:1	sample oneshots one-shot song
vox_drumbox	Drum	Hits		high	0.90	10	10	2287504	0.2	2008-01-09	2008-01-09	Tom, Clave, Crash, Hat Closed, Hat Open, Kick, Rim, Snare	DRUM-ONESHOT:9, ONE-SHOT:1	WAV-float32:10	drum hits clave crash hat-closed hat-open kick rim snare tom drum-oneshot one-shot
voxin	Sample	Chops	TR-909	low	0.33	79	75	30138302	4.5	1995-10-02	2010-01-14	Vocal, Snare, Kick, Hat, Orchestral	CHOP:25, SAMPLE-SHORT:11, ONE-SHOT:10, DRUM-ONESHOT:10, VOCAL:9, LOOP:6	AIFF:75	sample chops tr-909 vocal hat orchestral kick snare chop sample-short one-shot drum-oneshot
voxy	Sample	Oneshots		high	0.72	216	160	9079790	0.6	2012-04-18	2012-04-20		ONE-SHOT:116, CHOP:44	AIFF:160	sample oneshots one-shot chop
watford_electronic_drumbox	Sample	Oneshots		high	1.00	6	6	296276	0.0	2008-01-09	2008-01-09		ONE-SHOT:6	WAV-float32:6	sample oneshots one-shot
wersi_wm24	Drum	Hits		high	1.00	12	12	1888584	0.2	2008-01-09	2008-01-09	Shaker, Tom, Clave, Cowbell, Hat Closed, Hat Open, Kick, Snare	DRUM-ONESHOT:12	WAV-float32:12	drum hits clave cowbell shaker hat-closed hat-open kick snare tom drum-oneshot
whole_parts	Song	Mixes		medium	1.00	2	2	92803196	5.8	2011-03-13	2011-03-13		SONG?:2	AIFF:2	song mixes
workingWith	Sample	Oneshots		low	0.43	7	7	2554968	0.3	2002-05-09	2003-04-02		ONE-SHOT:3, SAMPLE-SHORT:3, SYNTH-STAB:1	AIFF:5, RAW-PCM:2	sample oneshots one-shot sample-short synth-stab
wurlitzer_swinging_rhythm	Drum	Hits		high	0.78	9	9	1810984	0.2	2008-01-09	2008-01-09	Conga, Clave, Hat Closed, Hat Open, Kick, Snare	DRUM-ONESHOT:7, ONE-SHOT:2	WAV-float32:9	drum hits clave conga hat-closed hat-open kick snare drum-oneshot one-shot
x-mas greeting	Sample	Oneshots		low	0.40	5	5	21264328	2.1	1995-07-31	1995-12-25		SAMPLE-SHORT:2, SECTION-BED:2, SAMPLE:1	AIFF:5	sample oneshots sample-short section-bed
xe8	Drum	Hits		high	0.81	32	32	4920636	0.4	2008-01-09	2008-01-09	Tom, Hat, Kick, Snare, Cowbell, Crash, Ride, Clap	DRUM-ONESHOT:26, ONE-SHOT:4, SAMPLE-SHORT:1, DRUM-HIT-LONG:1	WAV-float32:32	drum hits clap cowbell crash hat kick ride rim snare tom drum-oneshot one-shot sample-short drum-hit-long
yamaha	Sample	Oneshots		medium	0.53	757	749	81378520	8.0	1998-09-22	2010-12-16	Snare, Kick, Crash, Tom, Hat Open, Hat, Clap, Hat Closed	ONE-SHOT:396, CHOP:295, DRUM-ONESHOT:42, SAMPLE-SHORT:11, UNKNOWN:3, SECTION-BED:1	WAV-float32:485, WAV:251, AIFF:10	sample oneshots clap hat-closed crash tom kick hat-open snare clave shaker hat cowbell conga ride one-shot chop drum-oneshot sample-short
yasume extracted	Sample	Oneshots		high	0.73	421	344	520066729	50.2	2004-03-15	2005-06-06	Kick, Hat, Orchestral, Perc, Hat Closed	ONE-SHOT:250, SECTION-BED:20, SAMPLE:20, CHOP:17, DRUM-ONESHOT:16, SONG?:10	AIFF:343, RAW-PCM:1	sample oneshots kick orchestral hat perc hat-closed one-shot section-bed chop
yeah	Sample	Oneshots		high	0.80	25	25	23548494	3.5	2003-03-12	2018-04-06		SAMPLE-SHORT:20, UNKNOWN:1, SONG?:1, ONE-SHOT:1, SECTION-BED:1, SAMPLE:1	AIFF:24	sample oneshots sample-short unknown song one-shot
yonkers	Sample	General		low	0.24	222	189	1409384454	145.0	2003-12-02	2005-06-06	Bass, Kick, Hat, Orchestral, Snare	SAMPLE:45, SECTION-BED:42, SAMPLE-SHORT:32, SONG?:28, CHOP:18, ONE-SHOT:5	AIFF:143, RAW-PCM:43, MP3:3, EMPTY:1	sample general bass kick hat orchestral snare section-bed sample-short song
zanzahbahr	Sample	Oneshots		low	0.40	5	5	30128394	3.0	2002-10-20	2002-10-20		SAMPLE-SHORT:2, LOOP:1, SAMPLE:1, SONG?:1	AIFF:4, RAW-PCM:1	sample oneshots sample-short loop song
zms-axxe1	Sample	Chops		high	1.00	28	15	2302453	0.5	1998-10-23	2009-10-07		CHOP:15	WAV:15	sample chops chop
zms-d4fx.zip Folder	Sample	Chops		medium	0.50	29	28	799292	0.2	1998-10-23	2000-10-16		CHOP:14, ONE-SHOT:14	WAV:28	sample chops chop one-shot
zms-ddr30	Sample	Oneshots		medium	0.58	42	24	831230	0.1	1997-06-08	2009-10-07		ONE-SHOT:14, CHOP:10	WAV:24	sample oneshots one-shot chop
zms-dr220	Sample	Chops		medium	0.55	12	11	448760	0.1	1997-06-13	2000-10-16		CHOP:6, ONE-SHOT:5	WAV:11	sample chops chop one-shot
zms-ex7ba	Sample	Chops		high	1.00	10	10	1039998	0.2	2000-10-22	2000-10-22		CHOP:10	WAV:10	sample chops chop
zms-gabs	Sample	Chops		medium	0.60	21	20	777760	0.1	1997-06-11	2000-10-16		CHOP:12, ONE-SHOT:8	WAV:20	sample chops chop one-shot
zms-intcom	Sample	Oneshots		medium	0.52	36	29	993484	0.2	1997-06-12	2008-05-07		ONE-SHOT:15, CHOP:14	WAV:29	sample oneshots one-shot chop
zms-k1	Sample	Chops		high	0.83	19	18	782678	0.2	1998-10-23	2000-10-16		CHOP:15, ONE-SHOT:3	WAV:18	sample chops chop one-shot
zms-kpr77	Sample	Chops		medium	0.50	9	8	293212	0.1	1997-06-13	2000-10-16		CHOP:4, ONE-SHOT:4	WAV:8	sample chops chop one-shot
zms-mars	Sample	Chops		high	0.93	15	14	762116	0.2	1998-10-23	2000-10-16		CHOP:13, ONE-SHOT:1	WAV:14	sample chops chop one-shot
zms-prodigy1	Sample	Chops		high	0.90	22	21	1936238	0.4	1998-10-23	2000-10-16		CHOP:19, ONE-SHOT:2	WAV:21	sample chops chop one-shot
zms-sid	Sample	Oneshots		high	0.70	115	114	2697448	0.5	1999-03-31	2000-10-16	Hat, Tom	ONE-SHOT:80, CHOP:31, DRUM-ONESHOT:2, SAMPLE-SHORT:1	WAV:114	sample oneshots hat tom one-shot chop drum-oneshot sample-short
zms-sk1	Sample	Oneshots		high	1.00	30	29	1018842	0.2	1998-11-21	2000-10-16		ONE-SHOT:29	WAV:29	sample oneshots one-shot
zms-spasm	Sample	Chops		high	1.00	17	16	814800	0.2	1997-06-08	2000-10-16		CHOP:16	WAV:16	sample chops chop
zms-sy35	Sample	Chops		medium	0.52	22	21	647226	0.1	1998-10-23	2000-10-16		CHOP:11, ONE-SHOT:10	WAV:21	sample chops chop one-shot
